ISO-10303-21;
HEADER;
/* Generated by software containing ST-Developer
 * from STEP Tools, Inc. (www.steptools.com) 
 */

FILE_DESCRIPTION(
/* description */ (''),
/* implementation_level */ '2;1');

FILE_NAME(
/* name */ 'hackpad-printable.step',
/* time_stamp */ '2026-09-27T00:45:08+05:30',
/* author */ (''),
/* organization */ (''),
/* preprocessor_version */ 'ST-DEVELOPER v20.2',
/* originating_system */ 'Autodesk Translation Framework v15.15.0.0',
/* authorisation */ '');

FILE_SCHEMA (('AUTOMOTIVE_DESIGN { 1 0 10303 214 3 1 1 }'));
ENDSEC;

DATA;
#10=MECHANICAL_DESIGN_GEOMETRIC_PRESENTATION_REPRESENTATION('',(#47,#48),
#3728);
#11=ITEM_DEFINED_TRANSFORMATION($,$,#2293,#2455);
#12=ITEM_DEFINED_TRANSFORMATION($,$,#2371,#2456);
#13=(
REPRESENTATION_RELATIONSHIP($,$,#3742,#3741)
REPRESENTATION_RELATIONSHIP_WITH_TRANSFORMATION(#11)
SHAPE_REPRESENTATION_RELATIONSHIP()
);
#14=(
REPRESENTATION_RELATIONSHIP($,$,#3743,#3741)
REPRESENTATION_RELATIONSHIP_WITH_TRANSFORMATION(#12)
SHAPE_REPRESENTATION_RELATIONSHIP()
);
#15=CONTEXT_DEPENDENT_SHAPE_REPRESENTATION(#13,#3739);
#16=CONTEXT_DEPENDENT_SHAPE_REPRESENTATION(#14,#3740);
#17=NEXT_ASSEMBLY_USAGE_OCCURRENCE('Component1:1','Component1:1',
'Component1:1',#3745,#3746,'Component1:1');
#18=NEXT_ASSEMBLY_USAGE_OCCURRENCE('Component2:1','Component2:1',
'Component2:1',#3745,#3747,'Component2:1');
#19=FACE_BOUND('',#345,.T.);
#20=FACE_BOUND('',#346,.T.);
#21=FACE_BOUND('',#347,.T.);
#22=FACE_BOUND('',#348,.T.);
#23=FACE_BOUND('',#349,.T.);
#24=FACE_BOUND('',#350,.T.);
#25=FACE_BOUND('',#351,.T.);
#26=FACE_BOUND('',#352,.T.);
#27=FACE_BOUND('',#353,.T.);
#28=FACE_BOUND('',#354,.T.);
#29=FACE_BOUND('',#355,.T.);
#30=FACE_BOUND('',#415,.T.);
#31=FACE_BOUND('',#416,.T.);
#32=FACE_BOUND('',#417,.T.);
#33=FACE_BOUND('',#418,.T.);
#34=FACE_BOUND('',#419,.T.);
#35=FACE_BOUND('',#420,.T.);
#36=FACE_BOUND('',#421,.T.);
#37=FACE_BOUND('',#422,.T.);
#38=FACE_BOUND('',#423,.T.);
#39=FACE_BOUND('',#424,.T.);
#40=FACE_BOUND('',#425,.T.);
#41=SPHERICAL_SURFACE('',#2378,1.);
#42=SPHERICAL_SURFACE('',#2383,1.);
#43=SHAPE_REPRESENTATION_RELATIONSHIP('SRR','None',#3742,#45);
#44=SHAPE_REPRESENTATION_RELATIONSHIP('SRR','None',#3743,#46);
#45=ADVANCED_BREP_SHAPE_REPRESENTATION('',(#49),#3726);
#46=ADVANCED_BREP_SHAPE_REPRESENTATION('',(#50),#3727);
#47=STYLED_ITEM('',(#3760),#49);
#48=STYLED_ITEM('',(#3760),#50);
#49=MANIFOLD_SOLID_BREP('Body1',#2267);
#50=MANIFOLD_SOLID_BREP('Body1',#2268);
#51=PLANE('',#2326);
#52=PLANE('',#2327);
#53=PLANE('',#2328);
#54=PLANE('',#2329);
#55=PLANE('',#2330);
#56=PLANE('',#2331);
#57=PLANE('',#2332);
#58=PLANE('',#2333);
#59=PLANE('',#2334);
#60=PLANE('',#2335);
#61=PLANE('',#2336);
#62=PLANE('',#2341);
#63=PLANE('',#2342);
#64=PLANE('',#2347);
#65=PLANE('',#2348);
#66=PLANE('',#2349);
#67=PLANE('',#2350);
#68=PLANE('',#2351);
#69=PLANE('',#2352);
#70=PLANE('',#2355);
#71=PLANE('',#2358);
#72=PLANE('',#2359);
#73=PLANE('',#2362);
#74=PLANE('',#2365);
#75=PLANE('',#2366);
#76=PLANE('',#2367);
#77=PLANE('',#2368);
#78=PLANE('',#2369);
#79=PLANE('',#2370);
#80=PLANE('',#2385);
#81=PLANE('',#2388);
#82=PLANE('',#2393);
#83=PLANE('',#2396);
#84=PLANE('',#2399);
#85=PLANE('',#2400);
#86=PLANE('',#2401);
#87=PLANE('',#2402);
#88=PLANE('',#2403);
#89=PLANE('',#2404);
#90=PLANE('',#2405);
#91=PLANE('',#2406);
#92=PLANE('',#2407);
#93=PLANE('',#2408);
#94=PLANE('',#2409);
#95=PLANE('',#2410);
#96=PLANE('',#2411);
#97=PLANE('',#2412);
#98=PLANE('',#2413);
#99=PLANE('',#2414);
#100=PLANE('',#2415);
#101=PLANE('',#2416);
#102=PLANE('',#2417);
#103=PLANE('',#2418);
#104=PLANE('',#2419);
#105=PLANE('',#2420);
#106=PLANE('',#2421);
#107=PLANE('',#2422);
#108=PLANE('',#2423);
#109=PLANE('',#2424);
#110=PLANE('',#2425);
#111=PLANE('',#2426);
#112=PLANE('',#2427);
#113=PLANE('',#2428);
#114=PLANE('',#2429);
#115=PLANE('',#2430);
#116=PLANE('',#2431);
#117=PLANE('',#2432);
#118=PLANE('',#2433);
#119=PLANE('',#2434);
#120=PLANE('',#2435);
#121=PLANE('',#2436);
#122=PLANE('',#2437);
#123=PLANE('',#2438);
#124=PLANE('',#2439);
#125=PLANE('',#2440);
#126=PLANE('',#2441);
#127=PLANE('',#2442);
#128=PLANE('',#2443);
#129=PLANE('',#2444);
#130=PLANE('',#2445);
#131=PLANE('',#2446);
#132=PLANE('',#2447);
#133=PLANE('',#2448);
#134=PLANE('',#2451);
#135=PLANE('',#2454);
#136=TOROIDAL_SURFACE('',#2308,5.00000042591002,1.);
#137=TOROIDAL_SURFACE('',#2318,5.00000042591002,1.);
#138=CIRCLE('',#2306,0.999998256564147);
#139=CIRCLE('',#2309,5.00000042591002);
#140=CIRCLE('',#2310,4.00000042591002);
#141=CIRCLE('',#2313,1.);
#142=CIRCLE('',#2319,4.00000042591002);
#143=CIRCLE('',#2320,1.00000000000002);
#144=CIRCLE('',#2321,5.00000042591002);
#145=CIRCLE('',#2337,3.99999904285093);
#146=CIRCLE('',#2338,3.99999904285091);
#147=CIRCLE('',#2339,3.99999904285103);
#148=CIRCLE('',#2340,4.00000042591002);
#149=CIRCLE('',#2344,3.999999042851);
#150=CIRCLE('',#2345,3.999999042851);
#151=CIRCLE('',#2346,3.999999042851);
#152=CIRCLE('',#2354,3.999999042851);
#153=CIRCLE('',#2357,3.999999042851);
#154=CIRCLE('',#2361,3.999999042851);
#155=CIRCLE('',#2364,4.00000042591);
#156=CIRCLE('',#2373,1.);
#157=CIRCLE('',#2374,0.999999999999996);
#158=CIRCLE('',#2376,1.);
#159=CIRCLE('',#2377,0.999999999999996);
#160=CIRCLE('',#2379,1.00000000000001);
#161=CIRCLE('',#2381,1.);
#162=CIRCLE('',#2382,1.00000000000002);
#163=CIRCLE('',#2384,0.999999999999994);
#164=CIRCLE('',#2389,4.14718159761103);
#165=CIRCLE('',#2390,4.14244787700673);
#166=CIRCLE('',#2395,1.);
#167=CIRCLE('',#2398,1.);
#168=CIRCLE('',#2450,4.14244787700673);
#169=CIRCLE('',#2453,4.14718159761103);
#170=B_SPLINE_CURVE_WITH_KNOTS('',3,(#3087,#3088,#3089,#3090,#3091,#3092,
#3093,#3094,#3095,#3096,#3097,#3098,#3099,#3100),.UNSPECIFIED.,.F.,.F.,
(4,2,2,2,2,2,4),(-0.18451465746023,-0.156160743499272,-0.123589769017082,
-0.0800612664308912,-0.0404113520980915,0.,0.000569454559700535),
 .UNSPECIFIED.);
#171=B_SPLINE_CURVE_WITH_KNOTS('',3,(#3106,#3107,#3108,#3109,#3110,#3111,
#3112,#3113,#3114,#3115,#3116,#3117,#3118,#3119),.UNSPECIFIED.,.F.,.F.,
(4,2,2,2,2,2,4),(-0.177550418108702,-0.17700973525205,-0.141814907168956,
-0.107106362421912,-0.0640655836325807,-0.0301680550808975,0.),
 .UNSPECIFIED.);
#172=FACE_OUTER_BOUND('',#288,.T.);
#173=FACE_OUTER_BOUND('',#289,.T.);
#174=FACE_OUTER_BOUND('',#290,.T.);
#175=FACE_OUTER_BOUND('',#291,.T.);
#176=FACE_OUTER_BOUND('',#292,.T.);
#177=FACE_OUTER_BOUND('',#293,.T.);
#178=FACE_OUTER_BOUND('',#294,.T.);
#179=FACE_OUTER_BOUND('',#295,.T.);
#180=FACE_OUTER_BOUND('',#296,.T.);
#181=FACE_OUTER_BOUND('',#297,.T.);
#182=FACE_OUTER_BOUND('',#298,.T.);
#183=FACE_OUTER_BOUND('',#299,.T.);
#184=FACE_OUTER_BOUND('',#300,.T.);
#185=FACE_OUTER_BOUND('',#301,.T.);
#186=FACE_OUTER_BOUND('',#302,.T.);
#187=FACE_OUTER_BOUND('',#303,.T.);
#188=FACE_OUTER_BOUND('',#304,.T.);
#189=FACE_OUTER_BOUND('',#305,.T.);
#190=FACE_OUTER_BOUND('',#306,.T.);
#191=FACE_OUTER_BOUND('',#307,.T.);
#192=FACE_OUTER_BOUND('',#308,.T.);
#193=FACE_OUTER_BOUND('',#309,.T.);
#194=FACE_OUTER_BOUND('',#310,.T.);
#195=FACE_OUTER_BOUND('',#311,.T.);
#196=FACE_OUTER_BOUND('',#312,.T.);
#197=FACE_OUTER_BOUND('',#313,.T.);
#198=FACE_OUTER_BOUND('',#314,.T.);
#199=FACE_OUTER_BOUND('',#315,.T.);
#200=FACE_OUTER_BOUND('',#316,.T.);
#201=FACE_OUTER_BOUND('',#317,.T.);
#202=FACE_OUTER_BOUND('',#318,.T.);
#203=FACE_OUTER_BOUND('',#319,.T.);
#204=FACE_OUTER_BOUND('',#320,.T.);
#205=FACE_OUTER_BOUND('',#321,.T.);
#206=FACE_OUTER_BOUND('',#322,.T.);
#207=FACE_OUTER_BOUND('',#323,.T.);
#208=FACE_OUTER_BOUND('',#324,.T.);
#209=FACE_OUTER_BOUND('',#325,.T.);
#210=FACE_OUTER_BOUND('',#326,.T.);
#211=FACE_OUTER_BOUND('',#327,.T.);
#212=FACE_OUTER_BOUND('',#328,.T.);
#213=FACE_OUTER_BOUND('',#329,.T.);
#214=FACE_OUTER_BOUND('',#330,.T.);
#215=FACE_OUTER_BOUND('',#331,.T.);
#216=FACE_OUTER_BOUND('',#332,.T.);
#217=FACE_OUTER_BOUND('',#333,.T.);
#218=FACE_OUTER_BOUND('',#334,.T.);
#219=FACE_OUTER_BOUND('',#335,.T.);
#220=FACE_OUTER_BOUND('',#336,.T.);
#221=FACE_OUTER_BOUND('',#337,.T.);
#222=FACE_OUTER_BOUND('',#338,.T.);
#223=FACE_OUTER_BOUND('',#339,.T.);
#224=FACE_OUTER_BOUND('',#340,.T.);
#225=FACE_OUTER_BOUND('',#341,.T.);
#226=FACE_OUTER_BOUND('',#342,.T.);
#227=FACE_OUTER_BOUND('',#343,.T.);
#228=FACE_OUTER_BOUND('',#344,.T.);
#229=FACE_OUTER_BOUND('',#356,.T.);
#230=FACE_OUTER_BOUND('',#357,.T.);
#231=FACE_OUTER_BOUND('',#358,.T.);
#232=FACE_OUTER_BOUND('',#359,.T.);
#233=FACE_OUTER_BOUND('',#360,.T.);
#234=FACE_OUTER_BOUND('',#361,.T.);
#235=FACE_OUTER_BOUND('',#362,.T.);
#236=FACE_OUTER_BOUND('',#363,.T.);
#237=FACE_OUTER_BOUND('',#364,.T.);
#238=FACE_OUTER_BOUND('',#365,.T.);
#239=FACE_OUTER_BOUND('',#366,.T.);
#240=FACE_OUTER_BOUND('',#367,.T.);
#241=FACE_OUTER_BOUND('',#368,.T.);
#242=FACE_OUTER_BOUND('',#369,.T.);
#243=FACE_OUTER_BOUND('',#370,.T.);
#244=FACE_OUTER_BOUND('',#371,.T.);
#245=FACE_OUTER_BOUND('',#372,.T.);
#246=FACE_OUTER_BOUND('',#373,.T.);
#247=FACE_OUTER_BOUND('',#374,.T.);
#248=FACE_OUTER_BOUND('',#375,.T.);
#249=FACE_OUTER_BOUND('',#376,.T.);
#250=FACE_OUTER_BOUND('',#377,.T.);
#251=FACE_OUTER_BOUND('',#378,.T.);
#252=FACE_OUTER_BOUND('',#379,.T.);
#253=FACE_OUTER_BOUND('',#380,.T.);
#254=FACE_OUTER_BOUND('',#381,.T.);
#255=FACE_OUTER_BOUND('',#382,.T.);
#256=FACE_OUTER_BOUND('',#383,.T.);
#257=FACE_OUTER_BOUND('',#384,.T.);
#258=FACE_OUTER_BOUND('',#385,.T.);
#259=FACE_OUTER_BOUND('',#386,.T.);
#260=FACE_OUTER_BOUND('',#387,.T.);
#261=FACE_OUTER_BOUND('',#388,.T.);
#262=FACE_OUTER_BOUND('',#389,.T.);
#263=FACE_OUTER_BOUND('',#390,.T.);
#264=FACE_OUTER_BOUND('',#391,.T.);
#265=FACE_OUTER_BOUND('',#392,.T.);
#266=FACE_OUTER_BOUND('',#393,.T.);
#267=FACE_OUTER_BOUND('',#394,.T.);
#268=FACE_OUTER_BOUND('',#395,.T.);
#269=FACE_OUTER_BOUND('',#396,.T.);
#270=FACE_OUTER_BOUND('',#397,.T.);
#271=FACE_OUTER_BOUND('',#398,.T.);
#272=FACE_OUTER_BOUND('',#399,.T.);
#273=FACE_OUTER_BOUND('',#400,.T.);
#274=FACE_OUTER_BOUND('',#401,.T.);
#275=FACE_OUTER_BOUND('',#402,.T.);
#276=FACE_OUTER_BOUND('',#403,.T.);
#277=FACE_OUTER_BOUND('',#404,.T.);
#278=FACE_OUTER_BOUND('',#405,.T.);
#279=FACE_OUTER_BOUND('',#406,.T.);
#280=FACE_OUTER_BOUND('',#407,.T.);
#281=FACE_OUTER_BOUND('',#408,.T.);
#282=FACE_OUTER_BOUND('',#409,.T.);
#283=FACE_OUTER_BOUND('',#410,.T.);
#284=FACE_OUTER_BOUND('',#411,.T.);
#285=FACE_OUTER_BOUND('',#412,.T.);
#286=FACE_OUTER_BOUND('',#413,.T.);
#287=FACE_OUTER_BOUND('',#414,.T.);
#288=EDGE_LOOP('',(#1494,#1495,#1496,#1497));
#289=EDGE_LOOP('',(#1498,#1499,#1500,#1501));
#290=EDGE_LOOP('',(#1502,#1503,#1504,#1505));
#291=EDGE_LOOP('',(#1506,#1507,#1508,#1509));
#292=EDGE_LOOP('',(#1510,#1511,#1512,#1513));
#293=EDGE_LOOP('',(#1514,#1515,#1516,#1517,#1518));
#294=EDGE_LOOP('',(#1519,#1520,#1521,#1522));
#295=EDGE_LOOP('',(#1523,#1524,#1525,#1526));
#296=EDGE_LOOP('',(#1527,#1528,#1529,#1530));
#297=EDGE_LOOP('',(#1531,#1532,#1533,#1534));
#298=EDGE_LOOP('',(#1535,#1536,#1537,#1538));
#299=EDGE_LOOP('',(#1539,#1540,#1541,#1542));
#300=EDGE_LOOP('',(#1543,#1544,#1545,#1546,#1547));
#301=EDGE_LOOP('',(#1548,#1549,#1550,#1551));
#302=EDGE_LOOP('',(#1552,#1553,#1554,#1555));
#303=EDGE_LOOP('',(#1556,#1557,#1558,#1559,#1560,#1561));
#304=EDGE_LOOP('',(#1562,#1563,#1564,#1565));
#305=EDGE_LOOP('',(#1566,#1567,#1568,#1569));
#306=EDGE_LOOP('',(#1570,#1571,#1572,#1573,#1574,#1575,#1576,#1577,#1578,
#1579,#1580,#1581,#1582,#1583,#1584));
#307=EDGE_LOOP('',(#1585,#1586,#1587,#1588,#1589,#1590));
#308=EDGE_LOOP('',(#1591,#1592,#1593,#1594));
#309=EDGE_LOOP('',(#1595,#1596,#1597,#1598));
#310=EDGE_LOOP('',(#1599,#1600,#1601,#1602));
#311=EDGE_LOOP('',(#1603,#1604,#1605,#1606));
#312=EDGE_LOOP('',(#1607,#1608,#1609,#1610));
#313=EDGE_LOOP('',(#1611,#1612,#1613,#1614,#1615,#1616,#1617,#1618,#1619,
#1620,#1621,#1622,#1623,#1624,#1625,#1626,#1627,#1628,#1629,#1630,#1631));
#314=EDGE_LOOP('',(#1632,#1633,#1634,#1635,#1636,#1637));
#315=EDGE_LOOP('',(#1638,#1639,#1640,#1641,#1642,#1643,#1644,#1645));
#316=EDGE_LOOP('',(#1646,#1647,#1648,#1649,#1650));
#317=EDGE_LOOP('',(#1651,#1652,#1653));
#318=EDGE_LOOP('',(#1654,#1655,#1656,#1657));
#319=EDGE_LOOP('',(#1658,#1659,#1660,#1661));
#320=EDGE_LOOP('',(#1662,#1663,#1664));
#321=EDGE_LOOP('',(#1665,#1666,#1667,#1668,#1669,#1670));
#322=EDGE_LOOP('',(#1671,#1672,#1673,#1674));
#323=EDGE_LOOP('',(#1675,#1676,#1677,#1678));
#324=EDGE_LOOP('',(#1679,#1680,#1681,#1682));
#325=EDGE_LOOP('',(#1683,#1684,#1685,#1686));
#326=EDGE_LOOP('',(#1687,#1688,#1689,#1690));
#327=EDGE_LOOP('',(#1691,#1692,#1693,#1694));
#328=EDGE_LOOP('',(#1695,#1696,#1697,#1698));
#329=EDGE_LOOP('',(#1699,#1700,#1701,#1702));
#330=EDGE_LOOP('',(#1703,#1704,#1705,#1706));
#331=EDGE_LOOP('',(#1707,#1708,#1709,#1710));
#332=EDGE_LOOP('',(#1711,#1712,#1713,#1714));
#333=EDGE_LOOP('',(#1715,#1716,#1717,#1718));
#334=EDGE_LOOP('',(#1719,#1720,#1721,#1722));
#335=EDGE_LOOP('',(#1723,#1724,#1725,#1726));
#336=EDGE_LOOP('',(#1727,#1728,#1729,#1730,#1731,#1732,#1733,#1734,#1735,
#1736,#1737,#1738,#1739,#1740,#1741,#1742,#1743,#1744,#1745,#1746,#1747,
#1748,#1749));
#337=EDGE_LOOP('',(#1750,#1751,#1752,#1753));
#338=EDGE_LOOP('',(#1754,#1755,#1756,#1757));
#339=EDGE_LOOP('',(#1758,#1759,#1760));
#340=EDGE_LOOP('',(#1761,#1762,#1763,#1764));
#341=EDGE_LOOP('',(#1765,#1766,#1767));
#342=EDGE_LOOP('',(#1768,#1769,#1770,#1771));
#343=EDGE_LOOP('',(#1772,#1773,#1774,#1775));
#344=EDGE_LOOP('',(#1776,#1777,#1778,#1779,#1780,#1781,#1782,#1783,#1784,
#1785,#1786,#1787));
#345=EDGE_LOOP('',(#1788,#1789,#1790,#1791));
#346=EDGE_LOOP('',(#1792,#1793,#1794,#1795));
#347=EDGE_LOOP('',(#1796,#1797,#1798,#1799));
#348=EDGE_LOOP('',(#1800,#1801,#1802,#1803));
#349=EDGE_LOOP('',(#1804,#1805,#1806,#1807));
#350=EDGE_LOOP('',(#1808,#1809,#1810,#1811));
#351=EDGE_LOOP('',(#1812,#1813,#1814,#1815));
#352=EDGE_LOOP('',(#1816,#1817,#1818,#1819));
#353=EDGE_LOOP('',(#1820,#1821,#1822,#1823));
#354=EDGE_LOOP('',(#1824,#1825,#1826,#1827));
#355=EDGE_LOOP('',(#1828,#1829,#1830,#1831));
#356=EDGE_LOOP('',(#1832,#1833,#1834,#1835));
#357=EDGE_LOOP('',(#1836,#1837,#1838,#1839));
#358=EDGE_LOOP('',(#1840,#1841,#1842,#1843));
#359=EDGE_LOOP('',(#1844,#1845,#1846,#1847));
#360=EDGE_LOOP('',(#1848,#1849,#1850,#1851));
#361=EDGE_LOOP('',(#1852,#1853,#1854,#1855));
#362=EDGE_LOOP('',(#1856,#1857,#1858,#1859));
#363=EDGE_LOOP('',(#1860,#1861,#1862,#1863));
#364=EDGE_LOOP('',(#1864,#1865,#1866,#1867));
#365=EDGE_LOOP('',(#1868,#1869,#1870,#1871));
#366=EDGE_LOOP('',(#1872,#1873,#1874,#1875));
#367=EDGE_LOOP('',(#1876,#1877,#1878,#1879));
#368=EDGE_LOOP('',(#1880,#1881,#1882,#1883));
#369=EDGE_LOOP('',(#1884,#1885,#1886,#1887));
#370=EDGE_LOOP('',(#1888,#1889,#1890,#1891));
#371=EDGE_LOOP('',(#1892,#1893,#1894,#1895));
#372=EDGE_LOOP('',(#1896,#1897,#1898,#1899));
#373=EDGE_LOOP('',(#1900,#1901,#1902,#1903));
#374=EDGE_LOOP('',(#1904,#1905,#1906,#1907));
#375=EDGE_LOOP('',(#1908,#1909,#1910,#1911));
#376=EDGE_LOOP('',(#1912,#1913,#1914,#1915));
#377=EDGE_LOOP('',(#1916,#1917,#1918,#1919));
#378=EDGE_LOOP('',(#1920,#1921,#1922,#1923));
#379=EDGE_LOOP('',(#1924,#1925,#1926,#1927));
#380=EDGE_LOOP('',(#1928,#1929,#1930,#1931));
#381=EDGE_LOOP('',(#1932,#1933,#1934,#1935));
#382=EDGE_LOOP('',(#1936,#1937,#1938,#1939));
#383=EDGE_LOOP('',(#1940,#1941,#1942,#1943));
#384=EDGE_LOOP('',(#1944,#1945,#1946,#1947));
#385=EDGE_LOOP('',(#1948,#1949,#1950,#1951));
#386=EDGE_LOOP('',(#1952,#1953,#1954,#1955));
#387=EDGE_LOOP('',(#1956,#1957,#1958,#1959));
#388=EDGE_LOOP('',(#1960,#1961,#1962,#1963));
#389=EDGE_LOOP('',(#1964,#1965,#1966,#1967));
#390=EDGE_LOOP('',(#1968,#1969,#1970,#1971));
#391=EDGE_LOOP('',(#1972,#1973,#1974,#1975));
#392=EDGE_LOOP('',(#1976,#1977,#1978,#1979));
#393=EDGE_LOOP('',(#1980,#1981,#1982,#1983));
#394=EDGE_LOOP('',(#1984,#1985,#1986,#1987));
#395=EDGE_LOOP('',(#1988,#1989,#1990,#1991));
#396=EDGE_LOOP('',(#1992,#1993,#1994,#1995));
#397=EDGE_LOOP('',(#1996,#1997,#1998,#1999));
#398=EDGE_LOOP('',(#2000,#2001,#2002,#2003));
#399=EDGE_LOOP('',(#2004,#2005,#2006,#2007));
#400=EDGE_LOOP('',(#2008,#2009,#2010,#2011));
#401=EDGE_LOOP('',(#2012,#2013,#2014,#2015));
#402=EDGE_LOOP('',(#2016,#2017,#2018,#2019));
#403=EDGE_LOOP('',(#2020,#2021,#2022,#2023));
#404=EDGE_LOOP('',(#2024,#2025,#2026,#2027));
#405=EDGE_LOOP('',(#2028,#2029,#2030,#2031));
#406=EDGE_LOOP('',(#2032,#2033,#2034,#2035,#2036));
#407=EDGE_LOOP('',(#2037,#2038,#2039,#2040));
#408=EDGE_LOOP('',(#2041,#2042,#2043,#2044));
#409=EDGE_LOOP('',(#2045,#2046,#2047,#2048,#2049));
#410=EDGE_LOOP('',(#2050,#2051,#2052,#2053));
#411=EDGE_LOOP('',(#2054,#2055,#2056,#2057));
#412=EDGE_LOOP('',(#2058,#2059,#2060,#2061));
#413=EDGE_LOOP('',(#2062,#2063,#2064,#2065));
#414=EDGE_LOOP('',(#2066,#2067,#2068,#2069,#2070,#2071,#2072,#2073,#2074,
#2075,#2076,#2077,#2078,#2079));
#415=EDGE_LOOP('',(#2080,#2081,#2082,#2083));
#416=EDGE_LOOP('',(#2084,#2085,#2086,#2087));
#417=EDGE_LOOP('',(#2088,#2089,#2090,#2091));
#418=EDGE_LOOP('',(#2092,#2093,#2094,#2095));
#419=EDGE_LOOP('',(#2096,#2097,#2098,#2099));
#420=EDGE_LOOP('',(#2100,#2101,#2102,#2103));
#421=EDGE_LOOP('',(#2104,#2105,#2106,#2107));
#422=EDGE_LOOP('',(#2108,#2109,#2110,#2111));
#423=EDGE_LOOP('',(#2112,#2113,#2114,#2115));
#424=EDGE_LOOP('',(#2116,#2117,#2118,#2119));
#425=EDGE_LOOP('',(#2120,#2121,#2122,#2123));
#426=ELLIPSE('',#2295,1.07343994866638,1.);
#427=ELLIPSE('',#2296,1.09196457410453,1.);
#428=ELLIPSE('',#2298,1.41421356237308,1.);
#429=ELLIPSE('',#2300,1.41421356237311,1.);
#430=ELLIPSE('',#2302,1.41421356237311,1.);
#431=ELLIPSE('',#2304,1.41421356237308,1.);
#432=ELLIPSE('',#2307,1.4142135623731,1.);
#433=ELLIPSE('',#2314,1.41421344646927,1.);
#434=ELLIPSE('',#2317,1.08239220029239,1.);
#435=ELLIPSE('',#2324,1.08239220029239,1.);
#436=ELLIPSE('',#2387,1.08239220029239,1.);
#437=ELLIPSE('',#2392,1.07403992711924,1.);
#438=LINE('',#3061,#707);
#439=LINE('',#3065,#708);
#440=LINE('',#3069,#709);
#441=LINE('',#3072,#710);
#442=LINE('',#3075,#711);
#443=LINE('',#3078,#712);
#444=LINE('',#3082,#713);
#445=LINE('',#3086,#714);
#446=LINE('',#3104,#715);
#447=LINE('',#3121,#716);
#448=LINE('',#3126,#717);
#449=LINE('',#3128,#718);
#450=LINE('',#3132,#719);
#451=LINE('',#3138,#720);
#452=LINE('',#3139,#721);
#453=LINE('',#3143,#722);
#454=LINE('',#3147,#723);
#455=LINE('',#3150,#724);
#456=LINE('',#3151,#725);
#457=LINE('',#3154,#726);
#458=LINE('',#3156,#727);
#459=LINE('',#3165,#728);
#460=LINE('',#3167,#729);
#461=LINE('',#3168,#730);
#462=LINE('',#3171,#731);
#463=LINE('',#3173,#732);
#464=LINE('',#3176,#733);
#465=LINE('',#3177,#734);
#466=LINE('',#3180,#735);
#467=LINE('',#3182,#736);
#468=LINE('',#3184,#737);
#469=LINE('',#3186,#738);
#470=LINE('',#3187,#739);
#471=LINE('',#3190,#740);
#472=LINE('',#3191,#741);
#473=LINE('',#3194,#742);
#474=LINE('',#3195,#743);
#475=LINE('',#3199,#744);
#476=LINE('',#3201,#745);
#477=LINE('',#3203,#746);
#478=LINE('',#3205,#747);
#479=LINE('',#3206,#748);
#480=LINE('',#3209,#749);
#481=LINE('',#3210,#750);
#482=LINE('',#3213,#751);
#483=LINE('',#3215,#752);
#484=LINE('',#3216,#753);
#485=LINE('',#3219,#754);
#486=LINE('',#3221,#755);
#487=LINE('',#3222,#756);
#488=LINE('',#3226,#757);
#489=LINE('',#3228,#758);
#490=LINE('',#3230,#759);
#491=LINE('',#3231,#760);
#492=LINE('',#3234,#761);
#493=LINE('',#3236,#762);
#494=LINE('',#3237,#763);
#495=LINE('',#3239,#764);
#496=LINE('',#3241,#765);
#497=LINE('',#3245,#766);
#498=LINE('',#3249,#767);
#499=LINE('',#3253,#768);
#500=LINE('',#3256,#769);
#501=LINE('',#3259,#770);
#502=LINE('',#3260,#771);
#503=LINE('',#3261,#772);
#504=LINE('',#3264,#773);
#505=LINE('',#3266,#774);
#506=LINE('',#3268,#775);
#507=LINE('',#3270,#776);
#508=LINE('',#3271,#777);
#509=LINE('',#3276,#778);
#510=LINE('',#3280,#779);
#511=LINE('',#3283,#780);
#512=LINE('',#3285,#781);
#513=LINE('',#3287,#782);
#514=LINE('',#3291,#783);
#515=LINE('',#3292,#784);
#516=LINE('',#3296,#785);
#517=LINE('',#3297,#786);
#518=LINE('',#3298,#787);
#519=LINE('',#3302,#788);
#520=LINE('',#3305,#789);
#521=LINE('',#3306,#790);
#522=LINE('',#3310,#791);
#523=LINE('',#3312,#792);
#524=LINE('',#3316,#793);
#525=LINE('',#3319,#794);
#526=LINE('',#3320,#795);
#527=LINE('',#3325,#796);
#528=LINE('',#3327,#797);
#529=LINE('',#3328,#798);
#530=LINE('',#3331,#799);
#531=LINE('',#3332,#800);
#532=LINE('',#3335,#801);
#533=LINE('',#3336,#802);
#534=LINE('',#3338,#803);
#535=LINE('',#3340,#804);
#536=LINE('',#3348,#805);
#537=LINE('',#3351,#806);
#538=LINE('',#3356,#807);
#539=LINE('',#3359,#808);
#540=LINE('',#3367,#809);
#541=LINE('',#3369,#810);
#542=LINE('',#3374,#811);
#543=LINE('',#3376,#812);
#544=LINE('',#3377,#813);
#545=LINE('',#3380,#814);
#546=LINE('',#3384,#815);
#547=LINE('',#3386,#816);
#548=LINE('',#3388,#817);
#549=LINE('',#3390,#818);
#550=LINE('',#3394,#819);
#551=LINE('',#3398,#820);
#552=LINE('',#3400,#821);
#553=LINE('',#3401,#822);
#554=LINE('',#3404,#823);
#555=LINE('',#3406,#824);
#556=LINE('',#3408,#825);
#557=LINE('',#3409,#826);
#558=LINE('',#3412,#827);
#559=LINE('',#3414,#828);
#560=LINE('',#3416,#829);
#561=LINE('',#3417,#830);
#562=LINE('',#3420,#831);
#563=LINE('',#3422,#832);
#564=LINE('',#3424,#833);
#565=LINE('',#3425,#834);
#566=LINE('',#3428,#835);
#567=LINE('',#3430,#836);
#568=LINE('',#3432,#837);
#569=LINE('',#3433,#838);
#570=LINE('',#3436,#839);
#571=LINE('',#3438,#840);
#572=LINE('',#3440,#841);
#573=LINE('',#3441,#842);
#574=LINE('',#3444,#843);
#575=LINE('',#3446,#844);
#576=LINE('',#3448,#845);
#577=LINE('',#3449,#846);
#578=LINE('',#3452,#847);
#579=LINE('',#3454,#848);
#580=LINE('',#3456,#849);
#581=LINE('',#3457,#850);
#582=LINE('',#3460,#851);
#583=LINE('',#3462,#852);
#584=LINE('',#3464,#853);
#585=LINE('',#3465,#854);
#586=LINE('',#3468,#855);
#587=LINE('',#3470,#856);
#588=LINE('',#3472,#857);
#589=LINE('',#3473,#858);
#590=LINE('',#3476,#859);
#591=LINE('',#3478,#860);
#592=LINE('',#3480,#861);
#593=LINE('',#3481,#862);
#594=LINE('',#3484,#863);
#595=LINE('',#3486,#864);
#596=LINE('',#3488,#865);
#597=LINE('',#3489,#866);
#598=LINE('',#3492,#867);
#599=LINE('',#3496,#868);
#600=LINE('',#3497,#869);
#601=LINE('',#3500,#870);
#602=LINE('',#3503,#871);
#603=LINE('',#3507,#872);
#604=LINE('',#3510,#873);
#605=LINE('',#3512,#874);
#606=LINE('',#3513,#875);
#607=LINE('',#3516,#876);
#608=LINE('',#3517,#877);
#609=LINE('',#3520,#878);
#610=LINE('',#3521,#879);
#611=LINE('',#3523,#880);
#612=LINE('',#3526,#881);
#613=LINE('',#3528,#882);
#614=LINE('',#3529,#883);
#615=LINE('',#3532,#884);
#616=LINE('',#3533,#885);
#617=LINE('',#3536,#886);
#618=LINE('',#3537,#887);
#619=LINE('',#3539,#888);
#620=LINE('',#3542,#889);
#621=LINE('',#3544,#890);
#622=LINE('',#3545,#891);
#623=LINE('',#3548,#892);
#624=LINE('',#3549,#893);
#625=LINE('',#3552,#894);
#626=LINE('',#3553,#895);
#627=LINE('',#3555,#896);
#628=LINE('',#3558,#897);
#629=LINE('',#3560,#898);
#630=LINE('',#3561,#899);
#631=LINE('',#3564,#900);
#632=LINE('',#3565,#901);
#633=LINE('',#3568,#902);
#634=LINE('',#3569,#903);
#635=LINE('',#3571,#904);
#636=LINE('',#3574,#905);
#637=LINE('',#3576,#906);
#638=LINE('',#3577,#907);
#639=LINE('',#3580,#908);
#640=LINE('',#3581,#909);
#641=LINE('',#3584,#910);
#642=LINE('',#3585,#911);
#643=LINE('',#3587,#912);
#644=LINE('',#3590,#913);
#645=LINE('',#3592,#914);
#646=LINE('',#3593,#915);
#647=LINE('',#3596,#916);
#648=LINE('',#3597,#917);
#649=LINE('',#3600,#918);
#650=LINE('',#3601,#919);
#651=LINE('',#3603,#920);
#652=LINE('',#3606,#921);
#653=LINE('',#3608,#922);
#654=LINE('',#3609,#923);
#655=LINE('',#3612,#924);
#656=LINE('',#3613,#925);
#657=LINE('',#3616,#926);
#658=LINE('',#3617,#927);
#659=LINE('',#3619,#928);
#660=LINE('',#3622,#929);
#661=LINE('',#3624,#930);
#662=LINE('',#3625,#931);
#663=LINE('',#3628,#932);
#664=LINE('',#3629,#933);
#665=LINE('',#3632,#934);
#666=LINE('',#3633,#935);
#667=LINE('',#3635,#936);
#668=LINE('',#3638,#937);
#669=LINE('',#3640,#938);
#670=LINE('',#3641,#939);
#671=LINE('',#3644,#940);
#672=LINE('',#3645,#941);
#673=LINE('',#3648,#942);
#674=LINE('',#3649,#943);
#675=LINE('',#3651,#944);
#676=LINE('',#3654,#945);
#677=LINE('',#3656,#946);
#678=LINE('',#3657,#947);
#679=LINE('',#3660,#948);
#680=LINE('',#3661,#949);
#681=LINE('',#3664,#950);
#682=LINE('',#3665,#951);
#683=LINE('',#3667,#952);
#684=LINE('',#3670,#953);
#685=LINE('',#3672,#954);
#686=LINE('',#3673,#955);
#687=LINE('',#3676,#956);
#688=LINE('',#3677,#957);
#689=LINE('',#3680,#958);
#690=LINE('',#3681,#959);
#691=LINE('',#3683,#960);
#692=LINE('',#3687,#961);
#693=LINE('',#3688,#962);
#694=LINE('',#3689,#963);
#695=LINE('',#3692,#964);
#696=LINE('',#3693,#965);
#697=LINE('',#3695,#966);
#698=LINE('',#3698,#967);
#699=LINE('',#3699,#968);
#700=LINE('',#3702,#969);
#701=LINE('',#3703,#970);
#702=LINE('',#3706,#971);
#703=LINE('',#3707,#972);
#704=LINE('',#3711,#973);
#705=LINE('',#3714,#974);
#706=LINE('',#3715,#975);
#707=VECTOR('',#2463,10.);
#708=VECTOR('',#2466,10.);
#709=VECTOR('',#2471,10.);
#710=VECTOR('',#2474,10.);
#711=VECTOR('',#2477,10.);
#712=VECTOR('',#2480,10.);
#713=VECTOR('',#2483,10.);
#714=VECTOR('',#2486,10.);
#715=VECTOR('',#2489,10.);
#716=VECTOR('',#2490,10.);
#717=VECTOR('',#2495,10.);
#718=VECTOR('',#2496,10.);
#719=VECTOR('',#2499,10.);
#720=VECTOR('',#2510,10.);
#721=VECTOR('',#2511,10.);
#722=VECTOR('',#2514,10.);
#723=VECTOR('',#2517,10.);
#724=VECTOR('',#2522,10.);
#725=VECTOR('',#2523,10.);
#726=VECTOR('',#2526,10.);
#727=VECTOR('',#2527,10.);
#728=VECTOR('',#2540,10.);
#729=VECTOR('',#2541,10.);
#730=VECTOR('',#2542,10.);
#731=VECTOR('',#2545,10.);
#732=VECTOR('',#2546,10.);
#733=VECTOR('',#2551,10.);
#734=VECTOR('',#2552,10.);
#735=VECTOR('',#2555,10.);
#736=VECTOR('',#2556,10.);
#737=VECTOR('',#2557,10.);
#738=VECTOR('',#2558,1.);
#739=VECTOR('',#2559,10.);
#740=VECTOR('',#2562,10.);
#741=VECTOR('',#2563,10.);
#742=VECTOR('',#2566,10.);
#743=VECTOR('',#2567,10.);
#744=VECTOR('',#2572,10.);
#745=VECTOR('',#2573,1.);
#746=VECTOR('',#2574,10.);
#747=VECTOR('',#2575,10.);
#748=VECTOR('',#2576,10.);
#749=VECTOR('',#2579,10.);
#750=VECTOR('',#2580,10.);
#751=VECTOR('',#2583,10.);
#752=VECTOR('',#2584,10.);
#753=VECTOR('',#2585,10.);
#754=VECTOR('',#2588,10.);
#755=VECTOR('',#2589,10.);
#756=VECTOR('',#2590,10.);
#757=VECTOR('',#2593,10.);
#758=VECTOR('',#2594,10.);
#759=VECTOR('',#2595,10.);
#760=VECTOR('',#2596,10.);
#761=VECTOR('',#2599,10.);
#762=VECTOR('',#2600,10.);
#763=VECTOR('',#2601,10.);
#764=VECTOR('',#2604,10.);
#765=VECTOR('',#2605,10.);
#766=VECTOR('',#2608,10.);
#767=VECTOR('',#2611,10.);
#768=VECTOR('',#2614,10.);
#769=VECTOR('',#2617,10.);
#770=VECTOR('',#2620,10.);
#771=VECTOR('',#2621,1.);
#772=VECTOR('',#2622,10.);
#773=VECTOR('',#2625,1.00000000000064);
#774=VECTOR('',#2626,10.);
#775=VECTOR('',#2627,10.);
#776=VECTOR('',#2628,10.);
#777=VECTOR('',#2629,1.00000000000064);
#778=VECTOR('',#2634,10.);
#779=VECTOR('',#2637,10.);
#780=VECTOR('',#2642,1.00000000000064);
#781=VECTOR('',#2645,1.);
#782=VECTOR('',#2648,1.);
#783=VECTOR('',#2653,10.);
#784=VECTOR('',#2654,10.);
#785=VECTOR('',#2657,10.);
#786=VECTOR('',#2658,10.);
#787=VECTOR('',#2659,10.);
#788=VECTOR('',#2664,10.);
#789=VECTOR('',#2667,10.);
#790=VECTOR('',#2668,10.);
#791=VECTOR('',#2675,10.);
#792=VECTOR('',#2678,10.);
#793=VECTOR('',#2683,10.);
#794=VECTOR('',#2686,10.);
#795=VECTOR('',#2687,10.);
#796=VECTOR('',#2694,10.);
#797=VECTOR('',#2695,10.);
#798=VECTOR('',#2696,10.);
#799=VECTOR('',#2699,10.);
#800=VECTOR('',#2700,10.);
#801=VECTOR('',#2703,10.);
#802=VECTOR('',#2704,10.);
#803=VECTOR('',#2707,10.);
#804=VECTOR('',#2710,10.);
#805=VECTOR('',#2719,10.);
#806=VECTOR('',#2722,10.);
#807=VECTOR('',#2727,10.);
#808=VECTOR('',#2730,10.);
#809=VECTOR('',#2739,10.);
#810=VECTOR('',#2742,10.);
#811=VECTOR('',#2749,10.);
#812=VECTOR('',#2750,10.);
#813=VECTOR('',#2751,10.);
#814=VECTOR('',#2754,10.);
#815=VECTOR('',#2759,10.);
#816=VECTOR('',#2760,10.);
#817=VECTOR('',#2761,10.);
#818=VECTOR('',#2762,10.);
#819=VECTOR('',#2765,10.);
#820=VECTOR('',#2768,10.);
#821=VECTOR('',#2769,10.);
#822=VECTOR('',#2770,10.);
#823=VECTOR('',#2771,10.);
#824=VECTOR('',#2772,10.);
#825=VECTOR('',#2773,10.);
#826=VECTOR('',#2774,10.);
#827=VECTOR('',#2775,10.);
#828=VECTOR('',#2776,10.);
#829=VECTOR('',#2777,10.);
#830=VECTOR('',#2778,10.);
#831=VECTOR('',#2779,10.);
#832=VECTOR('',#2780,10.);
#833=VECTOR('',#2781,10.);
#834=VECTOR('',#2782,10.);
#835=VECTOR('',#2783,10.);
#836=VECTOR('',#2784,10.);
#837=VECTOR('',#2785,10.);
#838=VECTOR('',#2786,10.);
#839=VECTOR('',#2787,10.);
#840=VECTOR('',#2788,10.);
#841=VECTOR('',#2789,10.);
#842=VECTOR('',#2790,10.);
#843=VECTOR('',#2791,10.);
#844=VECTOR('',#2792,10.);
#845=VECTOR('',#2793,10.);
#846=VECTOR('',#2794,10.);
#847=VECTOR('',#2795,10.);
#848=VECTOR('',#2796,10.);
#849=VECTOR('',#2797,10.);
#850=VECTOR('',#2798,10.);
#851=VECTOR('',#2799,10.);
#852=VECTOR('',#2800,10.);
#853=VECTOR('',#2801,10.);
#854=VECTOR('',#2802,10.);
#855=VECTOR('',#2803,10.);
#856=VECTOR('',#2804,10.);
#857=VECTOR('',#2805,10.);
#858=VECTOR('',#2806,10.);
#859=VECTOR('',#2807,10.);
#860=VECTOR('',#2808,10.);
#861=VECTOR('',#2809,10.);
#862=VECTOR('',#2810,10.);
#863=VECTOR('',#2811,10.);
#864=VECTOR('',#2812,10.);
#865=VECTOR('',#2813,10.);
#866=VECTOR('',#2814,10.);
#867=VECTOR('',#2817,10.);
#868=VECTOR('',#2822,10.);
#869=VECTOR('',#2823,10.);
#870=VECTOR('',#2826,10.);
#871=VECTOR('',#2831,10.);
#872=VECTOR('',#2836,10.);
#873=VECTOR('',#2839,10.);
#874=VECTOR('',#2840,10.);
#875=VECTOR('',#2841,10.);
#876=VECTOR('',#2844,10.);
#877=VECTOR('',#2845,10.);
#878=VECTOR('',#2848,10.);
#879=VECTOR('',#2849,10.);
#880=VECTOR('',#2852,10.);
#881=VECTOR('',#2855,10.);
#882=VECTOR('',#2856,10.);
#883=VECTOR('',#2857,10.);
#884=VECTOR('',#2860,10.);
#885=VECTOR('',#2861,10.);
#886=VECTOR('',#2864,10.);
#887=VECTOR('',#2865,10.);
#888=VECTOR('',#2868,10.);
#889=VECTOR('',#2871,10.);
#890=VECTOR('',#2872,10.);
#891=VECTOR('',#2873,10.);
#892=VECTOR('',#2876,10.);
#893=VECTOR('',#2877,10.);
#894=VECTOR('',#2880,10.);
#895=VECTOR('',#2881,10.);
#896=VECTOR('',#2884,10.);
#897=VECTOR('',#2887,10.);
#898=VECTOR('',#2888,10.);
#899=VECTOR('',#2889,10.);
#900=VECTOR('',#2892,10.);
#901=VECTOR('',#2893,10.);
#902=VECTOR('',#2896,10.);
#903=VECTOR('',#2897,10.);
#904=VECTOR('',#2900,10.);
#905=VECTOR('',#2903,10.);
#906=VECTOR('',#2904,10.);
#907=VECTOR('',#2905,10.);
#908=VECTOR('',#2908,10.);
#909=VECTOR('',#2909,10.);
#910=VECTOR('',#2912,10.);
#911=VECTOR('',#2913,10.);
#912=VECTOR('',#2916,10.);
#913=VECTOR('',#2919,10.);
#914=VECTOR('',#2920,10.);
#915=VECTOR('',#2921,10.);
#916=VECTOR('',#2924,10.);
#917=VECTOR('',#2925,10.);
#918=VECTOR('',#2928,10.);
#919=VECTOR('',#2929,10.);
#920=VECTOR('',#2932,10.);
#921=VECTOR('',#2935,10.);
#922=VECTOR('',#2936,10.);
#923=VECTOR('',#2937,10.);
#924=VECTOR('',#2940,10.);
#925=VECTOR('',#2941,10.);
#926=VECTOR('',#2944,10.);
#927=VECTOR('',#2945,10.);
#928=VECTOR('',#2948,10.);
#929=VECTOR('',#2951,10.);
#930=VECTOR('',#2952,10.);
#931=VECTOR('',#2953,10.);
#932=VECTOR('',#2956,10.);
#933=VECTOR('',#2957,10.);
#934=VECTOR('',#2960,10.);
#935=VECTOR('',#2961,10.);
#936=VECTOR('',#2964,10.);
#937=VECTOR('',#2967,10.);
#938=VECTOR('',#2968,10.);
#939=VECTOR('',#2969,10.);
#940=VECTOR('',#2972,10.);
#941=VECTOR('',#2973,10.);
#942=VECTOR('',#2976,10.);
#943=VECTOR('',#2977,10.);
#944=VECTOR('',#2980,10.);
#945=VECTOR('',#2983,10.);
#946=VECTOR('',#2984,10.);
#947=VECTOR('',#2985,10.);
#948=VECTOR('',#2988,10.);
#949=VECTOR('',#2989,10.);
#950=VECTOR('',#2992,10.);
#951=VECTOR('',#2993,10.);
#952=VECTOR('',#2996,10.);
#953=VECTOR('',#2999,10.);
#954=VECTOR('',#3000,10.);
#955=VECTOR('',#3001,10.);
#956=VECTOR('',#3004,10.);
#957=VECTOR('',#3005,10.);
#958=VECTOR('',#3008,10.);
#959=VECTOR('',#3009,10.);
#960=VECTOR('',#3012,10.);
#961=VECTOR('',#3015,10.);
#962=VECTOR('',#3016,10.);
#963=VECTOR('',#3017,10.);
#964=VECTOR('',#3020,10.);
#965=VECTOR('',#3021,10.);
#966=VECTOR('',#3024,10.);
#967=VECTOR('',#3027,10.);
#968=VECTOR('',#3028,10.);
#969=VECTOR('',#3031,10.);
#970=VECTOR('',#3032,10.);
#971=VECTOR('',#3035,10.);
#972=VECTOR('',#3036,10.);
#973=VECTOR('',#3041,10.);
#974=VECTOR('',#3044,10.);
#975=VECTOR('',#3045,10.);
#976=VERTEX_POINT('',#3059);
#977=VERTEX_POINT('',#3060);
#978=VERTEX_POINT('',#3062);
#979=VERTEX_POINT('',#3064);
#980=VERTEX_POINT('',#3068);
#981=VERTEX_POINT('',#3070);
#982=VERTEX_POINT('',#3074);
#983=VERTEX_POINT('',#3076);
#984=VERTEX_POINT('',#3080);
#985=VERTEX_POINT('',#3081);
#986=VERTEX_POINT('',#3083);
#987=VERTEX_POINT('',#3085);
#988=VERTEX_POINT('',#3102);
#989=VERTEX_POINT('',#3103);
#990=VERTEX_POINT('',#3105);
#991=VERTEX_POINT('',#3120);
#992=VERTEX_POINT('',#3124);
#993=VERTEX_POINT('',#3125);
#994=VERTEX_POINT('',#3127);
#995=VERTEX_POINT('',#3129);
#996=VERTEX_POINT('',#3131);
#997=VERTEX_POINT('',#3141);
#998=VERTEX_POINT('',#3142);
#999=VERTEX_POINT('',#3144);
#1000=VERTEX_POINT('',#3146);
#1001=VERTEX_POINT('',#3153);
#1002=VERTEX_POINT('',#3155);
#1003=VERTEX_POINT('',#3159);
#1004=VERTEX_POINT('',#3161);
#1005=VERTEX_POINT('',#3166);
#1006=VERTEX_POINT('',#3170);
#1007=VERTEX_POINT('',#3172);
#1008=VERTEX_POINT('',#3179);
#1009=VERTEX_POINT('',#3181);
#1010=VERTEX_POINT('',#3183);
#1011=VERTEX_POINT('',#3185);
#1012=VERTEX_POINT('',#3189);
#1013=VERTEX_POINT('',#3193);
#1014=VERTEX_POINT('',#3198);
#1015=VERTEX_POINT('',#3200);
#1016=VERTEX_POINT('',#3202);
#1017=VERTEX_POINT('',#3204);
#1018=VERTEX_POINT('',#3208);
#1019=VERTEX_POINT('',#3212);
#1020=VERTEX_POINT('',#3214);
#1021=VERTEX_POINT('',#3218);
#1022=VERTEX_POINT('',#3220);
#1023=VERTEX_POINT('',#3224);
#1024=VERTEX_POINT('',#3225);
#1025=VERTEX_POINT('',#3227);
#1026=VERTEX_POINT('',#3229);
#1027=VERTEX_POINT('',#3233);
#1028=VERTEX_POINT('',#3235);
#1029=VERTEX_POINT('',#3240);
#1030=VERTEX_POINT('',#3242);
#1031=VERTEX_POINT('',#3244);
#1032=VERTEX_POINT('',#3246);
#1033=VERTEX_POINT('',#3248);
#1034=VERTEX_POINT('',#3250);
#1035=VERTEX_POINT('',#3252);
#1036=VERTEX_POINT('',#3254);
#1037=VERTEX_POINT('',#3258);
#1038=VERTEX_POINT('',#3263);
#1039=VERTEX_POINT('',#3265);
#1040=VERTEX_POINT('',#3267);
#1041=VERTEX_POINT('',#3269);
#1042=VERTEX_POINT('',#3273);
#1043=VERTEX_POINT('',#3275);
#1044=VERTEX_POINT('',#3277);
#1045=VERTEX_POINT('',#3279);
#1046=VERTEX_POINT('',#3290);
#1047=VERTEX_POINT('',#3294);
#1048=VERTEX_POINT('',#3295);
#1049=VERTEX_POINT('',#3300);
#1050=VERTEX_POINT('',#3304);
#1051=VERTEX_POINT('',#3314);
#1052=VERTEX_POINT('',#3318);
#1053=VERTEX_POINT('',#3324);
#1054=VERTEX_POINT('',#3326);
#1055=VERTEX_POINT('',#3330);
#1056=VERTEX_POINT('',#3334);
#1057=VERTEX_POINT('',#3344);
#1058=VERTEX_POINT('',#3345);
#1059=VERTEX_POINT('',#3347);
#1060=VERTEX_POINT('',#3349);
#1061=VERTEX_POINT('',#3353);
#1062=VERTEX_POINT('',#3355);
#1063=VERTEX_POINT('',#3357);
#1064=VERTEX_POINT('',#3363);
#1065=VERTEX_POINT('',#3364);
#1066=VERTEX_POINT('',#3366);
#1067=VERTEX_POINT('',#3373);
#1068=VERTEX_POINT('',#3375);
#1069=VERTEX_POINT('',#3379);
#1070=VERTEX_POINT('',#3383);
#1071=VERTEX_POINT('',#3385);
#1072=VERTEX_POINT('',#3387);
#1073=VERTEX_POINT('',#3389);
#1074=VERTEX_POINT('',#3391);
#1075=VERTEX_POINT('',#3393);
#1076=VERTEX_POINT('',#3395);
#1077=VERTEX_POINT('',#3397);
#1078=VERTEX_POINT('',#3399);
#1079=VERTEX_POINT('',#3402);
#1080=VERTEX_POINT('',#3403);
#1081=VERTEX_POINT('',#3405);
#1082=VERTEX_POINT('',#3407);
#1083=VERTEX_POINT('',#3410);
#1084=VERTEX_POINT('',#3411);
#1085=VERTEX_POINT('',#3413);
#1086=VERTEX_POINT('',#3415);
#1087=VERTEX_POINT('',#3418);
#1088=VERTEX_POINT('',#3419);
#1089=VERTEX_POINT('',#3421);
#1090=VERTEX_POINT('',#3423);
#1091=VERTEX_POINT('',#3426);
#1092=VERTEX_POINT('',#3427);
#1093=VERTEX_POINT('',#3429);
#1094=VERTEX_POINT('',#3431);
#1095=VERTEX_POINT('',#3434);
#1096=VERTEX_POINT('',#3435);
#1097=VERTEX_POINT('',#3437);
#1098=VERTEX_POINT('',#3439);
#1099=VERTEX_POINT('',#3442);
#1100=VERTEX_POINT('',#3443);
#1101=VERTEX_POINT('',#3445);
#1102=VERTEX_POINT('',#3447);
#1103=VERTEX_POINT('',#3450);
#1104=VERTEX_POINT('',#3451);
#1105=VERTEX_POINT('',#3453);
#1106=VERTEX_POINT('',#3455);
#1107=VERTEX_POINT('',#3458);
#1108=VERTEX_POINT('',#3459);
#1109=VERTEX_POINT('',#3461);
#1110=VERTEX_POINT('',#3463);
#1111=VERTEX_POINT('',#3466);
#1112=VERTEX_POINT('',#3467);
#1113=VERTEX_POINT('',#3469);
#1114=VERTEX_POINT('',#3471);
#1115=VERTEX_POINT('',#3474);
#1116=VERTEX_POINT('',#3475);
#1117=VERTEX_POINT('',#3477);
#1118=VERTEX_POINT('',#3479);
#1119=VERTEX_POINT('',#3482);
#1120=VERTEX_POINT('',#3483);
#1121=VERTEX_POINT('',#3485);
#1122=VERTEX_POINT('',#3487);
#1123=VERTEX_POINT('',#3491);
#1124=VERTEX_POINT('',#3495);
#1125=VERTEX_POINT('',#3499);
#1126=VERTEX_POINT('',#3505);
#1127=VERTEX_POINT('',#3509);
#1128=VERTEX_POINT('',#3511);
#1129=VERTEX_POINT('',#3515);
#1130=VERTEX_POINT('',#3519);
#1131=VERTEX_POINT('',#3525);
#1132=VERTEX_POINT('',#3527);
#1133=VERTEX_POINT('',#3531);
#1134=VERTEX_POINT('',#3535);
#1135=VERTEX_POINT('',#3541);
#1136=VERTEX_POINT('',#3543);
#1137=VERTEX_POINT('',#3547);
#1138=VERTEX_POINT('',#3551);
#1139=VERTEX_POINT('',#3557);
#1140=VERTEX_POINT('',#3559);
#1141=VERTEX_POINT('',#3563);
#1142=VERTEX_POINT('',#3567);
#1143=VERTEX_POINT('',#3573);
#1144=VERTEX_POINT('',#3575);
#1145=VERTEX_POINT('',#3579);
#1146=VERTEX_POINT('',#3583);
#1147=VERTEX_POINT('',#3589);
#1148=VERTEX_POINT('',#3591);
#1149=VERTEX_POINT('',#3595);
#1150=VERTEX_POINT('',#3599);
#1151=VERTEX_POINT('',#3605);
#1152=VERTEX_POINT('',#3607);
#1153=VERTEX_POINT('',#3611);
#1154=VERTEX_POINT('',#3615);
#1155=VERTEX_POINT('',#3621);
#1156=VERTEX_POINT('',#3623);
#1157=VERTEX_POINT('',#3627);
#1158=VERTEX_POINT('',#3631);
#1159=VERTEX_POINT('',#3637);
#1160=VERTEX_POINT('',#3639);
#1161=VERTEX_POINT('',#3643);
#1162=VERTEX_POINT('',#3647);
#1163=VERTEX_POINT('',#3653);
#1164=VERTEX_POINT('',#3655);
#1165=VERTEX_POINT('',#3659);
#1166=VERTEX_POINT('',#3663);
#1167=VERTEX_POINT('',#3669);
#1168=VERTEX_POINT('',#3671);
#1169=VERTEX_POINT('',#3675);
#1170=VERTEX_POINT('',#3679);
#1171=VERTEX_POINT('',#3685);
#1172=VERTEX_POINT('',#3686);
#1173=VERTEX_POINT('',#3691);
#1174=VERTEX_POINT('',#3697);
#1175=VERTEX_POINT('',#3701);
#1176=VERTEX_POINT('',#3705);
#1177=VERTEX_POINT('',#3709);
#1178=VERTEX_POINT('',#3713);
#1179=EDGE_CURVE('',#976,#977,#438,.T.);
#1180=EDGE_CURVE('',#977,#978,#426,.T.);
#1181=EDGE_CURVE('',#978,#979,#439,.T.);
#1182=EDGE_CURVE('',#976,#979,#427,.T.);
#1183=EDGE_CURVE('',#977,#980,#440,.T.);
#1184=EDGE_CURVE('',#980,#981,#428,.T.);
#1185=EDGE_CURVE('',#981,#978,#441,.T.);
#1186=EDGE_CURVE('',#980,#982,#442,.T.);
#1187=EDGE_CURVE('',#982,#983,#429,.T.);
#1188=EDGE_CURVE('',#983,#981,#443,.T.);
#1189=EDGE_CURVE('',#984,#985,#444,.T.);
#1190=EDGE_CURVE('',#985,#986,#430,.T.);
#1191=EDGE_CURVE('',#987,#986,#445,.T.);
#1192=EDGE_CURVE('',#987,#984,#170,.T.);
#1193=EDGE_CURVE('',#988,#989,#446,.T.);
#1194=EDGE_CURVE('',#989,#990,#171,.T.);
#1195=EDGE_CURVE('',#991,#990,#447,.T.);
#1196=EDGE_CURVE('',#991,#988,#431,.T.);
#1197=EDGE_CURVE('',#992,#993,#448,.T.);
#1198=EDGE_CURVE('',#993,#994,#449,.T.);
#1199=EDGE_CURVE('',#994,#995,#138,.T.);
#1200=EDGE_CURVE('',#995,#996,#450,.T.);
#1201=EDGE_CURVE('',#996,#992,#432,.T.);
#1202=EDGE_CURVE('',#989,#995,#139,.T.);
#1203=EDGE_CURVE('',#994,#990,#140,.T.);
#1204=EDGE_CURVE('',#985,#988,#451,.T.);
#1205=EDGE_CURVE('',#986,#991,#452,.T.);
#1206=EDGE_CURVE('',#997,#998,#453,.T.);
#1207=EDGE_CURVE('',#998,#999,#141,.T.);
#1208=EDGE_CURVE('',#999,#1000,#454,.T.);
#1209=EDGE_CURVE('',#1000,#997,#433,.T.);
#1210=EDGE_CURVE('',#996,#999,#455,.T.);
#1211=EDGE_CURVE('',#998,#992,#456,.T.);
#1212=EDGE_CURVE('',#1001,#997,#457,.T.);
#1213=EDGE_CURVE('',#1000,#1002,#458,.T.);
#1214=EDGE_CURVE('',#1002,#1001,#434,.T.);
#1215=EDGE_CURVE('',#987,#1003,#142,.T.);
#1216=EDGE_CURVE('',#1003,#1004,#143,.T.);
#1217=EDGE_CURVE('',#1004,#984,#144,.T.);
#1218=EDGE_CURVE('',#982,#1004,#459,.T.);
#1219=EDGE_CURVE('',#1003,#1005,#460,.T.);
#1220=EDGE_CURVE('',#1005,#983,#461,.T.);
#1221=EDGE_CURVE('',#1006,#1001,#462,.T.);
#1222=EDGE_CURVE('',#1002,#1007,#463,.T.);
#1223=EDGE_CURVE('',#1007,#1006,#435,.T.);
#1224=EDGE_CURVE('',#979,#1006,#464,.T.);
#1225=EDGE_CURVE('',#1007,#976,#465,.T.);
#1226=EDGE_CURVE('',#1008,#992,#466,.T.);
#1227=EDGE_CURVE('',#1009,#1008,#467,.T.);
#1228=EDGE_CURVE('',#1009,#1010,#468,.T.);
#1229=EDGE_CURVE('',#1010,#1011,#469,.T.);
#1230=EDGE_CURVE('',#1011,#993,#470,.T.);
#1231=EDGE_CURVE('',#1012,#998,#471,.T.);
#1232=EDGE_CURVE('',#1012,#1008,#472,.T.);
#1233=EDGE_CURVE('',#1013,#997,#473,.T.);
#1234=EDGE_CURVE('',#1013,#1012,#474,.T.);
#1235=EDGE_CURVE('',#1014,#1005,#475,.T.);
#1236=EDGE_CURVE('',#1014,#1015,#476,.T.);
#1237=EDGE_CURVE('',#1016,#1015,#477,.T.);
#1238=EDGE_CURVE('',#1017,#1016,#478,.T.);
#1239=EDGE_CURVE('',#983,#1017,#479,.T.);
#1240=EDGE_CURVE('',#1017,#1018,#480,.T.);
#1241=EDGE_CURVE('',#1018,#981,#481,.T.);
#1242=EDGE_CURVE('',#1014,#1019,#482,.T.);
#1243=EDGE_CURVE('',#1005,#1020,#483,.T.);
#1244=EDGE_CURVE('',#1019,#1020,#484,.T.);
#1245=EDGE_CURVE('',#1021,#1011,#485,.T.);
#1246=EDGE_CURVE('',#1021,#1022,#486,.T.);
#1247=EDGE_CURVE('',#1022,#993,#487,.T.);
#1248=EDGE_CURVE('',#1023,#1024,#488,.T.);
#1249=EDGE_CURVE('',#1023,#1025,#489,.T.);
#1250=EDGE_CURVE('',#1025,#1026,#490,.T.);
#1251=EDGE_CURVE('',#1024,#1026,#491,.T.);
#1252=EDGE_CURVE('',#1027,#1023,#492,.T.);
#1253=EDGE_CURVE('',#1027,#1028,#493,.T.);
#1254=EDGE_CURVE('',#1028,#1025,#494,.T.);
#1255=EDGE_CURVE('',#1026,#1022,#495,.T.);
#1256=EDGE_CURVE('',#1029,#1028,#496,.T.);
#1257=EDGE_CURVE('',#1030,#1029,#145,.T.);
#1258=EDGE_CURVE('',#1031,#1030,#497,.T.);
#1259=EDGE_CURVE('',#1032,#1031,#146,.T.);
#1260=EDGE_CURVE('',#1033,#1032,#498,.T.);
#1261=EDGE_CURVE('',#1034,#1033,#147,.T.);
#1262=EDGE_CURVE('',#1035,#1034,#499,.T.);
#1263=EDGE_CURVE('',#1036,#1035,#148,.T.);
#1264=EDGE_CURVE('',#1020,#1036,#500,.T.);
#1265=EDGE_CURVE('',#1016,#1037,#501,.T.);
#1266=EDGE_CURVE('',#1015,#1019,#502,.T.);
#1267=EDGE_CURVE('',#1037,#1036,#503,.T.);
#1268=EDGE_CURVE('',#1021,#1038,#504,.T.);
#1269=EDGE_CURVE('',#1039,#1038,#505,.T.);
#1270=EDGE_CURVE('',#1040,#1039,#506,.T.);
#1271=EDGE_CURVE('',#1040,#1041,#507,.T.);
#1272=EDGE_CURVE('',#1041,#1024,#508,.T.);
#1273=EDGE_CURVE('',#1023,#1042,#149,.T.);
#1274=EDGE_CURVE('',#1043,#1042,#509,.T.);
#1275=EDGE_CURVE('',#1044,#1043,#150,.T.);
#1276=EDGE_CURVE('',#1044,#1045,#510,.T.);
#1277=EDGE_CURVE('',#1045,#1023,#151,.T.);
#1278=EDGE_CURVE('',#1027,#1045,#511,.T.);
#1279=EDGE_CURVE('',#1042,#1041,#512,.T.);
#1280=EDGE_CURVE('',#1038,#1010,#513,.T.);
#1281=EDGE_CURVE('',#1046,#1044,#514,.T.);
#1282=EDGE_CURVE('',#1046,#1029,#515,.T.);
#1283=EDGE_CURVE('',#1047,#1048,#516,.T.);
#1284=EDGE_CURVE('',#1047,#1033,#517,.T.);
#1285=EDGE_CURVE('',#1048,#1032,#518,.T.);
#1286=EDGE_CURVE('',#1048,#1049,#152,.T.);
#1287=EDGE_CURVE('',#1049,#1031,#519,.T.);
#1288=EDGE_CURVE('',#1049,#1050,#520,.T.);
#1289=EDGE_CURVE('',#1050,#1030,#521,.T.);
#1290=EDGE_CURVE('',#1050,#1046,#153,.T.);
#1291=EDGE_CURVE('',#1043,#1040,#522,.T.);
#1292=EDGE_CURVE('',#1039,#1009,#523,.T.);
#1293=EDGE_CURVE('',#1051,#1047,#154,.T.);
#1294=EDGE_CURVE('',#1051,#1034,#524,.T.);
#1295=EDGE_CURVE('',#1052,#1051,#525,.T.);
#1296=EDGE_CURVE('',#1052,#1035,#526,.T.);
#1297=EDGE_CURVE('',#1037,#1052,#155,.T.);
#1298=EDGE_CURVE('',#1053,#1006,#527,.T.);
#1299=EDGE_CURVE('',#1053,#1054,#528,.T.);
#1300=EDGE_CURVE('',#1054,#1001,#529,.T.);
#1301=EDGE_CURVE('',#1055,#979,#530,.T.);
#1302=EDGE_CURVE('',#1055,#1053,#531,.T.);
#1303=EDGE_CURVE('',#1056,#978,#532,.T.);
#1304=EDGE_CURVE('',#1056,#1055,#533,.T.);
#1305=EDGE_CURVE('',#1018,#1056,#534,.T.);
#1306=EDGE_CURVE('',#1054,#1013,#535,.T.);
#1307=EDGE_CURVE('',#1057,#1058,#156,.T.);
#1308=EDGE_CURVE('',#1058,#1059,#536,.T.);
#1309=EDGE_CURVE('',#1059,#1060,#157,.T.);
#1310=EDGE_CURVE('',#1060,#1057,#537,.T.);
#1311=EDGE_CURVE('',#1061,#1059,#158,.T.);
#1312=EDGE_CURVE('',#1059,#1062,#538,.T.);
#1313=EDGE_CURVE('',#1062,#1063,#159,.T.);
#1314=EDGE_CURVE('',#1063,#1061,#539,.T.);
#1315=EDGE_CURVE('',#1061,#1060,#160,.T.);
#1316=EDGE_CURVE('',#1064,#1065,#161,.T.);
#1317=EDGE_CURVE('',#1065,#1066,#540,.T.);
#1318=EDGE_CURVE('',#1066,#1062,#162,.T.);
#1319=EDGE_CURVE('',#1062,#1064,#541,.T.);
#1320=EDGE_CURVE('',#1066,#1063,#163,.T.);
#1321=EDGE_CURVE('',#1067,#1060,#542,.T.);
#1322=EDGE_CURVE('',#1068,#1067,#543,.T.);
#1323=EDGE_CURVE('',#1057,#1068,#544,.T.);
#1324=EDGE_CURVE('',#1061,#1069,#545,.T.);
#1325=EDGE_CURVE('',#1069,#1067,#436,.T.);
#1326=EDGE_CURVE('',#1070,#1063,#546,.T.);
#1327=EDGE_CURVE('',#1071,#1070,#547,.T.);
#1328=EDGE_CURVE('',#1071,#1072,#548,.T.);
#1329=EDGE_CURVE('',#1072,#1073,#549,.T.);
#1330=EDGE_CURVE('',#1073,#1074,#164,.T.);
#1331=EDGE_CURVE('',#1074,#1075,#550,.T.);
#1332=EDGE_CURVE('',#1075,#1076,#165,.T.);
#1333=EDGE_CURVE('',#1076,#1077,#551,.T.);
#1334=EDGE_CURVE('',#1077,#1078,#552,.T.);
#1335=EDGE_CURVE('',#1069,#1078,#553,.T.);
#1336=EDGE_CURVE('',#1079,#1080,#554,.T.);
#1337=EDGE_CURVE('',#1080,#1081,#555,.T.);
#1338=EDGE_CURVE('',#1081,#1082,#556,.T.);
#1339=EDGE_CURVE('',#1082,#1079,#557,.T.);
#1340=EDGE_CURVE('',#1083,#1084,#558,.T.);
#1341=EDGE_CURVE('',#1084,#1085,#559,.T.);
#1342=EDGE_CURVE('',#1085,#1086,#560,.T.);
#1343=EDGE_CURVE('',#1086,#1083,#561,.T.);
#1344=EDGE_CURVE('',#1087,#1088,#562,.T.);
#1345=EDGE_CURVE('',#1088,#1089,#563,.T.);
#1346=EDGE_CURVE('',#1089,#1090,#564,.T.);
#1347=EDGE_CURVE('',#1090,#1087,#565,.T.);
#1348=EDGE_CURVE('',#1091,#1092,#566,.T.);
#1349=EDGE_CURVE('',#1092,#1093,#567,.T.);
#1350=EDGE_CURVE('',#1093,#1094,#568,.T.);
#1351=EDGE_CURVE('',#1094,#1091,#569,.T.);
#1352=EDGE_CURVE('',#1095,#1096,#570,.T.);
#1353=EDGE_CURVE('',#1096,#1097,#571,.T.);
#1354=EDGE_CURVE('',#1097,#1098,#572,.T.);
#1355=EDGE_CURVE('',#1098,#1095,#573,.T.);
#1356=EDGE_CURVE('',#1099,#1100,#574,.T.);
#1357=EDGE_CURVE('',#1100,#1101,#575,.T.);
#1358=EDGE_CURVE('',#1101,#1102,#576,.T.);
#1359=EDGE_CURVE('',#1102,#1099,#577,.T.);
#1360=EDGE_CURVE('',#1103,#1104,#578,.T.);
#1361=EDGE_CURVE('',#1104,#1105,#579,.T.);
#1362=EDGE_CURVE('',#1105,#1106,#580,.T.);
#1363=EDGE_CURVE('',#1106,#1103,#581,.T.);
#1364=EDGE_CURVE('',#1107,#1108,#582,.T.);
#1365=EDGE_CURVE('',#1108,#1109,#583,.T.);
#1366=EDGE_CURVE('',#1109,#1110,#584,.T.);
#1367=EDGE_CURVE('',#1110,#1107,#585,.T.);
#1368=EDGE_CURVE('',#1111,#1112,#586,.T.);
#1369=EDGE_CURVE('',#1112,#1113,#587,.T.);
#1370=EDGE_CURVE('',#1113,#1114,#588,.T.);
#1371=EDGE_CURVE('',#1114,#1111,#589,.T.);
#1372=EDGE_CURVE('',#1115,#1116,#590,.T.);
#1373=EDGE_CURVE('',#1116,#1117,#591,.T.);
#1374=EDGE_CURVE('',#1117,#1118,#592,.T.);
#1375=EDGE_CURVE('',#1118,#1115,#593,.T.);
#1376=EDGE_CURVE('',#1119,#1120,#594,.T.);
#1377=EDGE_CURVE('',#1120,#1121,#595,.T.);
#1378=EDGE_CURVE('',#1121,#1122,#596,.T.);
#1379=EDGE_CURVE('',#1122,#1119,#597,.T.);
#1380=EDGE_CURVE('',#1066,#1123,#598,.T.);
#1381=EDGE_CURVE('',#1070,#1123,#437,.T.);
#1382=EDGE_CURVE('',#1124,#1065,#599,.T.);
#1383=EDGE_CURVE('',#1124,#1123,#600,.T.);
#1384=EDGE_CURVE('',#1123,#1125,#601,.T.);
#1385=EDGE_CURVE('',#1125,#1071,#166,.T.);
#1386=EDGE_CURVE('',#1064,#1058,#602,.T.);
#1387=EDGE_CURVE('',#1078,#1126,#167,.T.);
#1388=EDGE_CURVE('',#1126,#1067,#603,.T.);
#1389=EDGE_CURVE('',#1079,#1127,#604,.T.);
#1390=EDGE_CURVE('',#1128,#1127,#605,.T.);
#1391=EDGE_CURVE('',#1080,#1128,#606,.T.);
#1392=EDGE_CURVE('',#1082,#1129,#607,.T.);
#1393=EDGE_CURVE('',#1127,#1129,#608,.T.);
#1394=EDGE_CURVE('',#1081,#1130,#609,.T.);
#1395=EDGE_CURVE('',#1129,#1130,#610,.T.);
#1396=EDGE_CURVE('',#1130,#1128,#611,.T.);
#1397=EDGE_CURVE('',#1083,#1131,#612,.T.);
#1398=EDGE_CURVE('',#1132,#1131,#613,.T.);
#1399=EDGE_CURVE('',#1084,#1132,#614,.T.);
#1400=EDGE_CURVE('',#1086,#1133,#615,.T.);
#1401=EDGE_CURVE('',#1131,#1133,#616,.T.);
#1402=EDGE_CURVE('',#1085,#1134,#617,.T.);
#1403=EDGE_CURVE('',#1133,#1134,#618,.T.);
#1404=EDGE_CURVE('',#1134,#1132,#619,.T.);
#1405=EDGE_CURVE('',#1087,#1135,#620,.T.);
#1406=EDGE_CURVE('',#1136,#1135,#621,.T.);
#1407=EDGE_CURVE('',#1088,#1136,#622,.T.);
#1408=EDGE_CURVE('',#1090,#1137,#623,.T.);
#1409=EDGE_CURVE('',#1135,#1137,#624,.T.);
#1410=EDGE_CURVE('',#1089,#1138,#625,.T.);
#1411=EDGE_CURVE('',#1137,#1138,#626,.T.);
#1412=EDGE_CURVE('',#1138,#1136,#627,.T.);
#1413=EDGE_CURVE('',#1091,#1139,#628,.T.);
#1414=EDGE_CURVE('',#1140,#1139,#629,.T.);
#1415=EDGE_CURVE('',#1092,#1140,#630,.T.);
#1416=EDGE_CURVE('',#1094,#1141,#631,.T.);
#1417=EDGE_CURVE('',#1139,#1141,#632,.T.);
#1418=EDGE_CURVE('',#1093,#1142,#633,.T.);
#1419=EDGE_CURVE('',#1141,#1142,#634,.T.);
#1420=EDGE_CURVE('',#1142,#1140,#635,.T.);
#1421=EDGE_CURVE('',#1095,#1143,#636,.T.);
#1422=EDGE_CURVE('',#1144,#1143,#637,.T.);
#1423=EDGE_CURVE('',#1096,#1144,#638,.T.);
#1424=EDGE_CURVE('',#1098,#1145,#639,.T.);
#1425=EDGE_CURVE('',#1143,#1145,#640,.T.);
#1426=EDGE_CURVE('',#1097,#1146,#641,.T.);
#1427=EDGE_CURVE('',#1145,#1146,#642,.T.);
#1428=EDGE_CURVE('',#1146,#1144,#643,.T.);
#1429=EDGE_CURVE('',#1099,#1147,#644,.T.);
#1430=EDGE_CURVE('',#1148,#1147,#645,.T.);
#1431=EDGE_CURVE('',#1100,#1148,#646,.T.);
#1432=EDGE_CURVE('',#1102,#1149,#647,.T.);
#1433=EDGE_CURVE('',#1147,#1149,#648,.T.);
#1434=EDGE_CURVE('',#1101,#1150,#649,.T.);
#1435=EDGE_CURVE('',#1149,#1150,#650,.T.);
#1436=EDGE_CURVE('',#1150,#1148,#651,.T.);
#1437=EDGE_CURVE('',#1103,#1151,#652,.T.);
#1438=EDGE_CURVE('',#1152,#1151,#653,.T.);
#1439=EDGE_CURVE('',#1104,#1152,#654,.T.);
#1440=EDGE_CURVE('',#1106,#1153,#655,.T.);
#1441=EDGE_CURVE('',#1151,#1153,#656,.T.);
#1442=EDGE_CURVE('',#1105,#1154,#657,.T.);
#1443=EDGE_CURVE('',#1153,#1154,#658,.T.);
#1444=EDGE_CURVE('',#1154,#1152,#659,.T.);
#1445=EDGE_CURVE('',#1107,#1155,#660,.T.);
#1446=EDGE_CURVE('',#1156,#1155,#661,.T.);
#1447=EDGE_CURVE('',#1108,#1156,#662,.T.);
#1448=EDGE_CURVE('',#1110,#1157,#663,.T.);
#1449=EDGE_CURVE('',#1155,#1157,#664,.T.);
#1450=EDGE_CURVE('',#1109,#1158,#665,.T.);
#1451=EDGE_CURVE('',#1157,#1158,#666,.T.);
#1452=EDGE_CURVE('',#1158,#1156,#667,.T.);
#1453=EDGE_CURVE('',#1111,#1159,#668,.T.);
#1454=EDGE_CURVE('',#1160,#1159,#669,.T.);
#1455=EDGE_CURVE('',#1112,#1160,#670,.T.);
#1456=EDGE_CURVE('',#1114,#1161,#671,.T.);
#1457=EDGE_CURVE('',#1159,#1161,#672,.T.);
#1458=EDGE_CURVE('',#1113,#1162,#673,.T.);
#1459=EDGE_CURVE('',#1161,#1162,#674,.T.);
#1460=EDGE_CURVE('',#1162,#1160,#675,.T.);
#1461=EDGE_CURVE('',#1115,#1163,#676,.T.);
#1462=EDGE_CURVE('',#1164,#1163,#677,.T.);
#1463=EDGE_CURVE('',#1116,#1164,#678,.T.);
#1464=EDGE_CURVE('',#1118,#1165,#679,.T.);
#1465=EDGE_CURVE('',#1163,#1165,#680,.T.);
#1466=EDGE_CURVE('',#1117,#1166,#681,.T.);
#1467=EDGE_CURVE('',#1165,#1166,#682,.T.);
#1468=EDGE_CURVE('',#1166,#1164,#683,.T.);
#1469=EDGE_CURVE('',#1119,#1167,#684,.T.);
#1470=EDGE_CURVE('',#1168,#1167,#685,.T.);
#1471=EDGE_CURVE('',#1120,#1168,#686,.T.);
#1472=EDGE_CURVE('',#1122,#1169,#687,.T.);
#1473=EDGE_CURVE('',#1167,#1169,#688,.T.);
#1474=EDGE_CURVE('',#1121,#1170,#689,.T.);
#1475=EDGE_CURVE('',#1169,#1170,#690,.T.);
#1476=EDGE_CURVE('',#1170,#1168,#691,.T.);
#1477=EDGE_CURVE('',#1171,#1172,#692,.T.);
#1478=EDGE_CURVE('',#1171,#1073,#693,.T.);
#1479=EDGE_CURVE('',#1172,#1072,#694,.T.);
#1480=EDGE_CURVE('',#1173,#1125,#695,.T.);
#1481=EDGE_CURVE('',#1172,#1173,#696,.T.);
#1482=EDGE_CURVE('',#1173,#1124,#697,.T.);
#1483=EDGE_CURVE('',#1174,#1126,#698,.T.);
#1484=EDGE_CURVE('',#1068,#1174,#699,.T.);
#1485=EDGE_CURVE('',#1175,#1077,#700,.T.);
#1486=EDGE_CURVE('',#1174,#1175,#701,.T.);
#1487=EDGE_CURVE('',#1175,#1176,#702,.T.);
#1488=EDGE_CURVE('',#1176,#1076,#703,.T.);
#1489=EDGE_CURVE('',#1176,#1177,#168,.T.);
#1490=EDGE_CURVE('',#1177,#1075,#704,.T.);
#1491=EDGE_CURVE('',#1178,#1177,#705,.T.);
#1492=EDGE_CURVE('',#1178,#1074,#706,.T.);
#1493=EDGE_CURVE('',#1178,#1171,#169,.T.);
#1494=ORIENTED_EDGE('',*,*,#1179,.T.);
#1495=ORIENTED_EDGE('',*,*,#1180,.T.);
#1496=ORIENTED_EDGE('',*,*,#1181,.T.);
#1497=ORIENTED_EDGE('',*,*,#1182,.F.);
#1498=ORIENTED_EDGE('',*,*,#1183,.T.);
#1499=ORIENTED_EDGE('',*,*,#1184,.T.);
#1500=ORIENTED_EDGE('',*,*,#1185,.T.);
#1501=ORIENTED_EDGE('',*,*,#1180,.F.);
#1502=ORIENTED_EDGE('',*,*,#1186,.T.);
#1503=ORIENTED_EDGE('',*,*,#1187,.T.);
#1504=ORIENTED_EDGE('',*,*,#1188,.T.);
#1505=ORIENTED_EDGE('',*,*,#1184,.F.);
#1506=ORIENTED_EDGE('',*,*,#1189,.T.);
#1507=ORIENTED_EDGE('',*,*,#1190,.T.);
#1508=ORIENTED_EDGE('',*,*,#1191,.F.);
#1509=ORIENTED_EDGE('',*,*,#1192,.T.);
#1510=ORIENTED_EDGE('',*,*,#1193,.T.);
#1511=ORIENTED_EDGE('',*,*,#1194,.T.);
#1512=ORIENTED_EDGE('',*,*,#1195,.F.);
#1513=ORIENTED_EDGE('',*,*,#1196,.T.);
#1514=ORIENTED_EDGE('',*,*,#1197,.T.);
#1515=ORIENTED_EDGE('',*,*,#1198,.T.);
#1516=ORIENTED_EDGE('',*,*,#1199,.T.);
#1517=ORIENTED_EDGE('',*,*,#1200,.T.);
#1518=ORIENTED_EDGE('',*,*,#1201,.T.);
#1519=ORIENTED_EDGE('',*,*,#1202,.T.);
#1520=ORIENTED_EDGE('',*,*,#1199,.F.);
#1521=ORIENTED_EDGE('',*,*,#1203,.T.);
#1522=ORIENTED_EDGE('',*,*,#1194,.F.);
#1523=ORIENTED_EDGE('',*,*,#1204,.T.);
#1524=ORIENTED_EDGE('',*,*,#1196,.F.);
#1525=ORIENTED_EDGE('',*,*,#1205,.F.);
#1526=ORIENTED_EDGE('',*,*,#1190,.F.);
#1527=ORIENTED_EDGE('',*,*,#1206,.T.);
#1528=ORIENTED_EDGE('',*,*,#1207,.T.);
#1529=ORIENTED_EDGE('',*,*,#1208,.T.);
#1530=ORIENTED_EDGE('',*,*,#1209,.T.);
#1531=ORIENTED_EDGE('',*,*,#1210,.T.);
#1532=ORIENTED_EDGE('',*,*,#1207,.F.);
#1533=ORIENTED_EDGE('',*,*,#1211,.T.);
#1534=ORIENTED_EDGE('',*,*,#1201,.F.);
#1535=ORIENTED_EDGE('',*,*,#1212,.T.);
#1536=ORIENTED_EDGE('',*,*,#1209,.F.);
#1537=ORIENTED_EDGE('',*,*,#1213,.T.);
#1538=ORIENTED_EDGE('',*,*,#1214,.T.);
#1539=ORIENTED_EDGE('',*,*,#1215,.T.);
#1540=ORIENTED_EDGE('',*,*,#1216,.T.);
#1541=ORIENTED_EDGE('',*,*,#1217,.T.);
#1542=ORIENTED_EDGE('',*,*,#1192,.F.);
#1543=ORIENTED_EDGE('',*,*,#1218,.T.);
#1544=ORIENTED_EDGE('',*,*,#1216,.F.);
#1545=ORIENTED_EDGE('',*,*,#1219,.T.);
#1546=ORIENTED_EDGE('',*,*,#1220,.T.);
#1547=ORIENTED_EDGE('',*,*,#1187,.F.);
#1548=ORIENTED_EDGE('',*,*,#1221,.T.);
#1549=ORIENTED_EDGE('',*,*,#1214,.F.);
#1550=ORIENTED_EDGE('',*,*,#1222,.T.);
#1551=ORIENTED_EDGE('',*,*,#1223,.T.);
#1552=ORIENTED_EDGE('',*,*,#1224,.T.);
#1553=ORIENTED_EDGE('',*,*,#1223,.F.);
#1554=ORIENTED_EDGE('',*,*,#1225,.T.);
#1555=ORIENTED_EDGE('',*,*,#1182,.T.);
#1556=ORIENTED_EDGE('',*,*,#1197,.F.);
#1557=ORIENTED_EDGE('',*,*,#1226,.F.);
#1558=ORIENTED_EDGE('',*,*,#1227,.F.);
#1559=ORIENTED_EDGE('',*,*,#1228,.T.);
#1560=ORIENTED_EDGE('',*,*,#1229,.T.);
#1561=ORIENTED_EDGE('',*,*,#1230,.T.);
#1562=ORIENTED_EDGE('',*,*,#1211,.F.);
#1563=ORIENTED_EDGE('',*,*,#1231,.F.);
#1564=ORIENTED_EDGE('',*,*,#1232,.T.);
#1565=ORIENTED_EDGE('',*,*,#1226,.T.);
#1566=ORIENTED_EDGE('',*,*,#1206,.F.);
#1567=ORIENTED_EDGE('',*,*,#1233,.F.);
#1568=ORIENTED_EDGE('',*,*,#1234,.T.);
#1569=ORIENTED_EDGE('',*,*,#1231,.T.);
#1570=ORIENTED_EDGE('',*,*,#1208,.F.);
#1571=ORIENTED_EDGE('',*,*,#1210,.F.);
#1572=ORIENTED_EDGE('',*,*,#1200,.F.);
#1573=ORIENTED_EDGE('',*,*,#1202,.F.);
#1574=ORIENTED_EDGE('',*,*,#1193,.F.);
#1575=ORIENTED_EDGE('',*,*,#1204,.F.);
#1576=ORIENTED_EDGE('',*,*,#1189,.F.);
#1577=ORIENTED_EDGE('',*,*,#1217,.F.);
#1578=ORIENTED_EDGE('',*,*,#1218,.F.);
#1579=ORIENTED_EDGE('',*,*,#1186,.F.);
#1580=ORIENTED_EDGE('',*,*,#1183,.F.);
#1581=ORIENTED_EDGE('',*,*,#1179,.F.);
#1582=ORIENTED_EDGE('',*,*,#1225,.F.);
#1583=ORIENTED_EDGE('',*,*,#1222,.F.);
#1584=ORIENTED_EDGE('',*,*,#1213,.F.);
#1585=ORIENTED_EDGE('',*,*,#1220,.F.);
#1586=ORIENTED_EDGE('',*,*,#1235,.F.);
#1587=ORIENTED_EDGE('',*,*,#1236,.T.);
#1588=ORIENTED_EDGE('',*,*,#1237,.F.);
#1589=ORIENTED_EDGE('',*,*,#1238,.F.);
#1590=ORIENTED_EDGE('',*,*,#1239,.F.);
#1591=ORIENTED_EDGE('',*,*,#1188,.F.);
#1592=ORIENTED_EDGE('',*,*,#1239,.T.);
#1593=ORIENTED_EDGE('',*,*,#1240,.T.);
#1594=ORIENTED_EDGE('',*,*,#1241,.T.);
#1595=ORIENTED_EDGE('',*,*,#1242,.F.);
#1596=ORIENTED_EDGE('',*,*,#1235,.T.);
#1597=ORIENTED_EDGE('',*,*,#1243,.T.);
#1598=ORIENTED_EDGE('',*,*,#1244,.F.);
#1599=ORIENTED_EDGE('',*,*,#1245,.F.);
#1600=ORIENTED_EDGE('',*,*,#1246,.T.);
#1601=ORIENTED_EDGE('',*,*,#1247,.T.);
#1602=ORIENTED_EDGE('',*,*,#1230,.F.);
#1603=ORIENTED_EDGE('',*,*,#1248,.F.);
#1604=ORIENTED_EDGE('',*,*,#1249,.T.);
#1605=ORIENTED_EDGE('',*,*,#1250,.T.);
#1606=ORIENTED_EDGE('',*,*,#1251,.F.);
#1607=ORIENTED_EDGE('',*,*,#1252,.F.);
#1608=ORIENTED_EDGE('',*,*,#1253,.T.);
#1609=ORIENTED_EDGE('',*,*,#1254,.T.);
#1610=ORIENTED_EDGE('',*,*,#1249,.F.);
#1611=ORIENTED_EDGE('',*,*,#1195,.T.);
#1612=ORIENTED_EDGE('',*,*,#1203,.F.);
#1613=ORIENTED_EDGE('',*,*,#1198,.F.);
#1614=ORIENTED_EDGE('',*,*,#1247,.F.);
#1615=ORIENTED_EDGE('',*,*,#1255,.F.);
#1616=ORIENTED_EDGE('',*,*,#1250,.F.);
#1617=ORIENTED_EDGE('',*,*,#1254,.F.);
#1618=ORIENTED_EDGE('',*,*,#1256,.F.);
#1619=ORIENTED_EDGE('',*,*,#1257,.F.);
#1620=ORIENTED_EDGE('',*,*,#1258,.F.);
#1621=ORIENTED_EDGE('',*,*,#1259,.F.);
#1622=ORIENTED_EDGE('',*,*,#1260,.F.);
#1623=ORIENTED_EDGE('',*,*,#1261,.F.);
#1624=ORIENTED_EDGE('',*,*,#1262,.F.);
#1625=ORIENTED_EDGE('',*,*,#1263,.F.);
#1626=ORIENTED_EDGE('',*,*,#1264,.F.);
#1627=ORIENTED_EDGE('',*,*,#1243,.F.);
#1628=ORIENTED_EDGE('',*,*,#1219,.F.);
#1629=ORIENTED_EDGE('',*,*,#1215,.F.);
#1630=ORIENTED_EDGE('',*,*,#1191,.T.);
#1631=ORIENTED_EDGE('',*,*,#1205,.T.);
#1632=ORIENTED_EDGE('',*,*,#1265,.F.);
#1633=ORIENTED_EDGE('',*,*,#1237,.T.);
#1634=ORIENTED_EDGE('',*,*,#1266,.T.);
#1635=ORIENTED_EDGE('',*,*,#1244,.T.);
#1636=ORIENTED_EDGE('',*,*,#1264,.T.);
#1637=ORIENTED_EDGE('',*,*,#1267,.F.);
#1638=ORIENTED_EDGE('',*,*,#1268,.T.);
#1639=ORIENTED_EDGE('',*,*,#1269,.F.);
#1640=ORIENTED_EDGE('',*,*,#1270,.F.);
#1641=ORIENTED_EDGE('',*,*,#1271,.T.);
#1642=ORIENTED_EDGE('',*,*,#1272,.T.);
#1643=ORIENTED_EDGE('',*,*,#1251,.T.);
#1644=ORIENTED_EDGE('',*,*,#1255,.T.);
#1645=ORIENTED_EDGE('',*,*,#1246,.F.);
#1646=ORIENTED_EDGE('',*,*,#1273,.T.);
#1647=ORIENTED_EDGE('',*,*,#1274,.F.);
#1648=ORIENTED_EDGE('',*,*,#1275,.F.);
#1649=ORIENTED_EDGE('',*,*,#1276,.T.);
#1650=ORIENTED_EDGE('',*,*,#1277,.T.);
#1651=ORIENTED_EDGE('',*,*,#1252,.T.);
#1652=ORIENTED_EDGE('',*,*,#1277,.F.);
#1653=ORIENTED_EDGE('',*,*,#1278,.F.);
#1654=ORIENTED_EDGE('',*,*,#1248,.T.);
#1655=ORIENTED_EDGE('',*,*,#1272,.F.);
#1656=ORIENTED_EDGE('',*,*,#1279,.F.);
#1657=ORIENTED_EDGE('',*,*,#1273,.F.);
#1658=ORIENTED_EDGE('',*,*,#1245,.T.);
#1659=ORIENTED_EDGE('',*,*,#1229,.F.);
#1660=ORIENTED_EDGE('',*,*,#1280,.F.);
#1661=ORIENTED_EDGE('',*,*,#1268,.F.);
#1662=ORIENTED_EDGE('',*,*,#1242,.T.);
#1663=ORIENTED_EDGE('',*,*,#1266,.F.);
#1664=ORIENTED_EDGE('',*,*,#1236,.F.);
#1665=ORIENTED_EDGE('',*,*,#1278,.T.);
#1666=ORIENTED_EDGE('',*,*,#1276,.F.);
#1667=ORIENTED_EDGE('',*,*,#1281,.F.);
#1668=ORIENTED_EDGE('',*,*,#1282,.T.);
#1669=ORIENTED_EDGE('',*,*,#1256,.T.);
#1670=ORIENTED_EDGE('',*,*,#1253,.F.);
#1671=ORIENTED_EDGE('',*,*,#1283,.F.);
#1672=ORIENTED_EDGE('',*,*,#1284,.T.);
#1673=ORIENTED_EDGE('',*,*,#1260,.T.);
#1674=ORIENTED_EDGE('',*,*,#1285,.F.);
#1675=ORIENTED_EDGE('',*,*,#1286,.F.);
#1676=ORIENTED_EDGE('',*,*,#1285,.T.);
#1677=ORIENTED_EDGE('',*,*,#1259,.T.);
#1678=ORIENTED_EDGE('',*,*,#1287,.F.);
#1679=ORIENTED_EDGE('',*,*,#1288,.F.);
#1680=ORIENTED_EDGE('',*,*,#1287,.T.);
#1681=ORIENTED_EDGE('',*,*,#1258,.T.);
#1682=ORIENTED_EDGE('',*,*,#1289,.F.);
#1683=ORIENTED_EDGE('',*,*,#1290,.F.);
#1684=ORIENTED_EDGE('',*,*,#1289,.T.);
#1685=ORIENTED_EDGE('',*,*,#1257,.T.);
#1686=ORIENTED_EDGE('',*,*,#1282,.F.);
#1687=ORIENTED_EDGE('',*,*,#1291,.F.);
#1688=ORIENTED_EDGE('',*,*,#1274,.T.);
#1689=ORIENTED_EDGE('',*,*,#1279,.T.);
#1690=ORIENTED_EDGE('',*,*,#1271,.F.);
#1691=ORIENTED_EDGE('',*,*,#1292,.F.);
#1692=ORIENTED_EDGE('',*,*,#1269,.T.);
#1693=ORIENTED_EDGE('',*,*,#1280,.T.);
#1694=ORIENTED_EDGE('',*,*,#1228,.F.);
#1695=ORIENTED_EDGE('',*,*,#1293,.F.);
#1696=ORIENTED_EDGE('',*,*,#1294,.T.);
#1697=ORIENTED_EDGE('',*,*,#1261,.T.);
#1698=ORIENTED_EDGE('',*,*,#1284,.F.);
#1699=ORIENTED_EDGE('',*,*,#1295,.F.);
#1700=ORIENTED_EDGE('',*,*,#1296,.T.);
#1701=ORIENTED_EDGE('',*,*,#1262,.T.);
#1702=ORIENTED_EDGE('',*,*,#1294,.F.);
#1703=ORIENTED_EDGE('',*,*,#1297,.F.);
#1704=ORIENTED_EDGE('',*,*,#1267,.T.);
#1705=ORIENTED_EDGE('',*,*,#1263,.T.);
#1706=ORIENTED_EDGE('',*,*,#1296,.F.);
#1707=ORIENTED_EDGE('',*,*,#1221,.F.);
#1708=ORIENTED_EDGE('',*,*,#1298,.F.);
#1709=ORIENTED_EDGE('',*,*,#1299,.T.);
#1710=ORIENTED_EDGE('',*,*,#1300,.T.);
#1711=ORIENTED_EDGE('',*,*,#1224,.F.);
#1712=ORIENTED_EDGE('',*,*,#1301,.F.);
#1713=ORIENTED_EDGE('',*,*,#1302,.T.);
#1714=ORIENTED_EDGE('',*,*,#1298,.T.);
#1715=ORIENTED_EDGE('',*,*,#1181,.F.);
#1716=ORIENTED_EDGE('',*,*,#1303,.F.);
#1717=ORIENTED_EDGE('',*,*,#1304,.T.);
#1718=ORIENTED_EDGE('',*,*,#1301,.T.);
#1719=ORIENTED_EDGE('',*,*,#1185,.F.);
#1720=ORIENTED_EDGE('',*,*,#1241,.F.);
#1721=ORIENTED_EDGE('',*,*,#1305,.T.);
#1722=ORIENTED_EDGE('',*,*,#1303,.T.);
#1723=ORIENTED_EDGE('',*,*,#1212,.F.);
#1724=ORIENTED_EDGE('',*,*,#1300,.F.);
#1725=ORIENTED_EDGE('',*,*,#1306,.T.);
#1726=ORIENTED_EDGE('',*,*,#1233,.T.);
#1727=ORIENTED_EDGE('',*,*,#1238,.T.);
#1728=ORIENTED_EDGE('',*,*,#1265,.T.);
#1729=ORIENTED_EDGE('',*,*,#1297,.T.);
#1730=ORIENTED_EDGE('',*,*,#1295,.T.);
#1731=ORIENTED_EDGE('',*,*,#1293,.T.);
#1732=ORIENTED_EDGE('',*,*,#1283,.T.);
#1733=ORIENTED_EDGE('',*,*,#1286,.T.);
#1734=ORIENTED_EDGE('',*,*,#1288,.T.);
#1735=ORIENTED_EDGE('',*,*,#1290,.T.);
#1736=ORIENTED_EDGE('',*,*,#1281,.T.);
#1737=ORIENTED_EDGE('',*,*,#1275,.T.);
#1738=ORIENTED_EDGE('',*,*,#1291,.T.);
#1739=ORIENTED_EDGE('',*,*,#1270,.T.);
#1740=ORIENTED_EDGE('',*,*,#1292,.T.);
#1741=ORIENTED_EDGE('',*,*,#1227,.T.);
#1742=ORIENTED_EDGE('',*,*,#1232,.F.);
#1743=ORIENTED_EDGE('',*,*,#1234,.F.);
#1744=ORIENTED_EDGE('',*,*,#1306,.F.);
#1745=ORIENTED_EDGE('',*,*,#1299,.F.);
#1746=ORIENTED_EDGE('',*,*,#1302,.F.);
#1747=ORIENTED_EDGE('',*,*,#1304,.F.);
#1748=ORIENTED_EDGE('',*,*,#1305,.F.);
#1749=ORIENTED_EDGE('',*,*,#1240,.F.);
#1750=ORIENTED_EDGE('',*,*,#1307,.T.);
#1751=ORIENTED_EDGE('',*,*,#1308,.T.);
#1752=ORIENTED_EDGE('',*,*,#1309,.T.);
#1753=ORIENTED_EDGE('',*,*,#1310,.T.);
#1754=ORIENTED_EDGE('',*,*,#1311,.T.);
#1755=ORIENTED_EDGE('',*,*,#1312,.T.);
#1756=ORIENTED_EDGE('',*,*,#1313,.T.);
#1757=ORIENTED_EDGE('',*,*,#1314,.T.);
#1758=ORIENTED_EDGE('',*,*,#1311,.F.);
#1759=ORIENTED_EDGE('',*,*,#1315,.T.);
#1760=ORIENTED_EDGE('',*,*,#1309,.F.);
#1761=ORIENTED_EDGE('',*,*,#1316,.T.);
#1762=ORIENTED_EDGE('',*,*,#1317,.T.);
#1763=ORIENTED_EDGE('',*,*,#1318,.T.);
#1764=ORIENTED_EDGE('',*,*,#1319,.T.);
#1765=ORIENTED_EDGE('',*,*,#1318,.F.);
#1766=ORIENTED_EDGE('',*,*,#1320,.T.);
#1767=ORIENTED_EDGE('',*,*,#1313,.F.);
#1768=ORIENTED_EDGE('',*,*,#1310,.F.);
#1769=ORIENTED_EDGE('',*,*,#1321,.F.);
#1770=ORIENTED_EDGE('',*,*,#1322,.F.);
#1771=ORIENTED_EDGE('',*,*,#1323,.F.);
#1772=ORIENTED_EDGE('',*,*,#1315,.F.);
#1773=ORIENTED_EDGE('',*,*,#1324,.T.);
#1774=ORIENTED_EDGE('',*,*,#1325,.T.);
#1775=ORIENTED_EDGE('',*,*,#1321,.T.);
#1776=ORIENTED_EDGE('',*,*,#1314,.F.);
#1777=ORIENTED_EDGE('',*,*,#1326,.F.);
#1778=ORIENTED_EDGE('',*,*,#1327,.F.);
#1779=ORIENTED_EDGE('',*,*,#1328,.T.);
#1780=ORIENTED_EDGE('',*,*,#1329,.T.);
#1781=ORIENTED_EDGE('',*,*,#1330,.T.);
#1782=ORIENTED_EDGE('',*,*,#1331,.T.);
#1783=ORIENTED_EDGE('',*,*,#1332,.T.);
#1784=ORIENTED_EDGE('',*,*,#1333,.T.);
#1785=ORIENTED_EDGE('',*,*,#1334,.T.);
#1786=ORIENTED_EDGE('',*,*,#1335,.F.);
#1787=ORIENTED_EDGE('',*,*,#1324,.F.);
#1788=ORIENTED_EDGE('',*,*,#1336,.T.);
#1789=ORIENTED_EDGE('',*,*,#1337,.T.);
#1790=ORIENTED_EDGE('',*,*,#1338,.T.);
#1791=ORIENTED_EDGE('',*,*,#1339,.T.);
#1792=ORIENTED_EDGE('',*,*,#1340,.T.);
#1793=ORIENTED_EDGE('',*,*,#1341,.T.);
#1794=ORIENTED_EDGE('',*,*,#1342,.T.);
#1795=ORIENTED_EDGE('',*,*,#1343,.T.);
#1796=ORIENTED_EDGE('',*,*,#1344,.T.);
#1797=ORIENTED_EDGE('',*,*,#1345,.T.);
#1798=ORIENTED_EDGE('',*,*,#1346,.T.);
#1799=ORIENTED_EDGE('',*,*,#1347,.T.);
#1800=ORIENTED_EDGE('',*,*,#1348,.T.);
#1801=ORIENTED_EDGE('',*,*,#1349,.T.);
#1802=ORIENTED_EDGE('',*,*,#1350,.T.);
#1803=ORIENTED_EDGE('',*,*,#1351,.T.);
#1804=ORIENTED_EDGE('',*,*,#1352,.T.);
#1805=ORIENTED_EDGE('',*,*,#1353,.T.);
#1806=ORIENTED_EDGE('',*,*,#1354,.T.);
#1807=ORIENTED_EDGE('',*,*,#1355,.T.);
#1808=ORIENTED_EDGE('',*,*,#1356,.T.);
#1809=ORIENTED_EDGE('',*,*,#1357,.T.);
#1810=ORIENTED_EDGE('',*,*,#1358,.T.);
#1811=ORIENTED_EDGE('',*,*,#1359,.T.);
#1812=ORIENTED_EDGE('',*,*,#1360,.T.);
#1813=ORIENTED_EDGE('',*,*,#1361,.T.);
#1814=ORIENTED_EDGE('',*,*,#1362,.T.);
#1815=ORIENTED_EDGE('',*,*,#1363,.T.);
#1816=ORIENTED_EDGE('',*,*,#1364,.T.);
#1817=ORIENTED_EDGE('',*,*,#1365,.T.);
#1818=ORIENTED_EDGE('',*,*,#1366,.T.);
#1819=ORIENTED_EDGE('',*,*,#1367,.T.);
#1820=ORIENTED_EDGE('',*,*,#1368,.T.);
#1821=ORIENTED_EDGE('',*,*,#1369,.T.);
#1822=ORIENTED_EDGE('',*,*,#1370,.T.);
#1823=ORIENTED_EDGE('',*,*,#1371,.T.);
#1824=ORIENTED_EDGE('',*,*,#1372,.T.);
#1825=ORIENTED_EDGE('',*,*,#1373,.T.);
#1826=ORIENTED_EDGE('',*,*,#1374,.T.);
#1827=ORIENTED_EDGE('',*,*,#1375,.T.);
#1828=ORIENTED_EDGE('',*,*,#1376,.T.);
#1829=ORIENTED_EDGE('',*,*,#1377,.T.);
#1830=ORIENTED_EDGE('',*,*,#1378,.T.);
#1831=ORIENTED_EDGE('',*,*,#1379,.T.);
#1832=ORIENTED_EDGE('',*,*,#1320,.F.);
#1833=ORIENTED_EDGE('',*,*,#1380,.T.);
#1834=ORIENTED_EDGE('',*,*,#1381,.F.);
#1835=ORIENTED_EDGE('',*,*,#1326,.T.);
#1836=ORIENTED_EDGE('',*,*,#1317,.F.);
#1837=ORIENTED_EDGE('',*,*,#1382,.F.);
#1838=ORIENTED_EDGE('',*,*,#1383,.T.);
#1839=ORIENTED_EDGE('',*,*,#1380,.F.);
#1840=ORIENTED_EDGE('',*,*,#1384,.T.);
#1841=ORIENTED_EDGE('',*,*,#1385,.T.);
#1842=ORIENTED_EDGE('',*,*,#1327,.T.);
#1843=ORIENTED_EDGE('',*,*,#1381,.T.);
#1844=ORIENTED_EDGE('',*,*,#1308,.F.);
#1845=ORIENTED_EDGE('',*,*,#1386,.F.);
#1846=ORIENTED_EDGE('',*,*,#1319,.F.);
#1847=ORIENTED_EDGE('',*,*,#1312,.F.);
#1848=ORIENTED_EDGE('',*,*,#1335,.T.);
#1849=ORIENTED_EDGE('',*,*,#1387,.T.);
#1850=ORIENTED_EDGE('',*,*,#1388,.T.);
#1851=ORIENTED_EDGE('',*,*,#1325,.F.);
#1852=ORIENTED_EDGE('',*,*,#1336,.F.);
#1853=ORIENTED_EDGE('',*,*,#1389,.T.);
#1854=ORIENTED_EDGE('',*,*,#1390,.F.);
#1855=ORIENTED_EDGE('',*,*,#1391,.F.);
#1856=ORIENTED_EDGE('',*,*,#1339,.F.);
#1857=ORIENTED_EDGE('',*,*,#1392,.T.);
#1858=ORIENTED_EDGE('',*,*,#1393,.F.);
#1859=ORIENTED_EDGE('',*,*,#1389,.F.);
#1860=ORIENTED_EDGE('',*,*,#1338,.F.);
#1861=ORIENTED_EDGE('',*,*,#1394,.T.);
#1862=ORIENTED_EDGE('',*,*,#1395,.F.);
#1863=ORIENTED_EDGE('',*,*,#1392,.F.);
#1864=ORIENTED_EDGE('',*,*,#1337,.F.);
#1865=ORIENTED_EDGE('',*,*,#1391,.T.);
#1866=ORIENTED_EDGE('',*,*,#1396,.F.);
#1867=ORIENTED_EDGE('',*,*,#1394,.F.);
#1868=ORIENTED_EDGE('',*,*,#1340,.F.);
#1869=ORIENTED_EDGE('',*,*,#1397,.T.);
#1870=ORIENTED_EDGE('',*,*,#1398,.F.);
#1871=ORIENTED_EDGE('',*,*,#1399,.F.);
#1872=ORIENTED_EDGE('',*,*,#1343,.F.);
#1873=ORIENTED_EDGE('',*,*,#1400,.T.);
#1874=ORIENTED_EDGE('',*,*,#1401,.F.);
#1875=ORIENTED_EDGE('',*,*,#1397,.F.);
#1876=ORIENTED_EDGE('',*,*,#1342,.F.);
#1877=ORIENTED_EDGE('',*,*,#1402,.T.);
#1878=ORIENTED_EDGE('',*,*,#1403,.F.);
#1879=ORIENTED_EDGE('',*,*,#1400,.F.);
#1880=ORIENTED_EDGE('',*,*,#1341,.F.);
#1881=ORIENTED_EDGE('',*,*,#1399,.T.);
#1882=ORIENTED_EDGE('',*,*,#1404,.F.);
#1883=ORIENTED_EDGE('',*,*,#1402,.F.);
#1884=ORIENTED_EDGE('',*,*,#1344,.F.);
#1885=ORIENTED_EDGE('',*,*,#1405,.T.);
#1886=ORIENTED_EDGE('',*,*,#1406,.F.);
#1887=ORIENTED_EDGE('',*,*,#1407,.F.);
#1888=ORIENTED_EDGE('',*,*,#1347,.F.);
#1889=ORIENTED_EDGE('',*,*,#1408,.T.);
#1890=ORIENTED_EDGE('',*,*,#1409,.F.);
#1891=ORIENTED_EDGE('',*,*,#1405,.F.);
#1892=ORIENTED_EDGE('',*,*,#1346,.F.);
#1893=ORIENTED_EDGE('',*,*,#1410,.T.);
#1894=ORIENTED_EDGE('',*,*,#1411,.F.);
#1895=ORIENTED_EDGE('',*,*,#1408,.F.);
#1896=ORIENTED_EDGE('',*,*,#1345,.F.);
#1897=ORIENTED_EDGE('',*,*,#1407,.T.);
#1898=ORIENTED_EDGE('',*,*,#1412,.F.);
#1899=ORIENTED_EDGE('',*,*,#1410,.F.);
#1900=ORIENTED_EDGE('',*,*,#1348,.F.);
#1901=ORIENTED_EDGE('',*,*,#1413,.T.);
#1902=ORIENTED_EDGE('',*,*,#1414,.F.);
#1903=ORIENTED_EDGE('',*,*,#1415,.F.);
#1904=ORIENTED_EDGE('',*,*,#1351,.F.);
#1905=ORIENTED_EDGE('',*,*,#1416,.T.);
#1906=ORIENTED_EDGE('',*,*,#1417,.F.);
#1907=ORIENTED_EDGE('',*,*,#1413,.F.);
#1908=ORIENTED_EDGE('',*,*,#1350,.F.);
#1909=ORIENTED_EDGE('',*,*,#1418,.T.);
#1910=ORIENTED_EDGE('',*,*,#1419,.F.);
#1911=ORIENTED_EDGE('',*,*,#1416,.F.);
#1912=ORIENTED_EDGE('',*,*,#1349,.F.);
#1913=ORIENTED_EDGE('',*,*,#1415,.T.);
#1914=ORIENTED_EDGE('',*,*,#1420,.F.);
#1915=ORIENTED_EDGE('',*,*,#1418,.F.);
#1916=ORIENTED_EDGE('',*,*,#1352,.F.);
#1917=ORIENTED_EDGE('',*,*,#1421,.T.);
#1918=ORIENTED_EDGE('',*,*,#1422,.F.);
#1919=ORIENTED_EDGE('',*,*,#1423,.F.);
#1920=ORIENTED_EDGE('',*,*,#1355,.F.);
#1921=ORIENTED_EDGE('',*,*,#1424,.T.);
#1922=ORIENTED_EDGE('',*,*,#1425,.F.);
#1923=ORIENTED_EDGE('',*,*,#1421,.F.);
#1924=ORIENTED_EDGE('',*,*,#1354,.F.);
#1925=ORIENTED_EDGE('',*,*,#1426,.T.);
#1926=ORIENTED_EDGE('',*,*,#1427,.F.);
#1927=ORIENTED_EDGE('',*,*,#1424,.F.);
#1928=ORIENTED_EDGE('',*,*,#1353,.F.);
#1929=ORIENTED_EDGE('',*,*,#1423,.T.);
#1930=ORIENTED_EDGE('',*,*,#1428,.F.);
#1931=ORIENTED_EDGE('',*,*,#1426,.F.);
#1932=ORIENTED_EDGE('',*,*,#1356,.F.);
#1933=ORIENTED_EDGE('',*,*,#1429,.T.);
#1934=ORIENTED_EDGE('',*,*,#1430,.F.);
#1935=ORIENTED_EDGE('',*,*,#1431,.F.);
#1936=ORIENTED_EDGE('',*,*,#1359,.F.);
#1937=ORIENTED_EDGE('',*,*,#1432,.T.);
#1938=ORIENTED_EDGE('',*,*,#1433,.F.);
#1939=ORIENTED_EDGE('',*,*,#1429,.F.);
#1940=ORIENTED_EDGE('',*,*,#1358,.F.);
#1941=ORIENTED_EDGE('',*,*,#1434,.T.);
#1942=ORIENTED_EDGE('',*,*,#1435,.F.);
#1943=ORIENTED_EDGE('',*,*,#1432,.F.);
#1944=ORIENTED_EDGE('',*,*,#1357,.F.);
#1945=ORIENTED_EDGE('',*,*,#1431,.T.);
#1946=ORIENTED_EDGE('',*,*,#1436,.F.);
#1947=ORIENTED_EDGE('',*,*,#1434,.F.);
#1948=ORIENTED_EDGE('',*,*,#1360,.F.);
#1949=ORIENTED_EDGE('',*,*,#1437,.T.);
#1950=ORIENTED_EDGE('',*,*,#1438,.F.);
#1951=ORIENTED_EDGE('',*,*,#1439,.F.);
#1952=ORIENTED_EDGE('',*,*,#1363,.F.);
#1953=ORIENTED_EDGE('',*,*,#1440,.T.);
#1954=ORIENTED_EDGE('',*,*,#1441,.F.);
#1955=ORIENTED_EDGE('',*,*,#1437,.F.);
#1956=ORIENTED_EDGE('',*,*,#1362,.F.);
#1957=ORIENTED_EDGE('',*,*,#1442,.T.);
#1958=ORIENTED_EDGE('',*,*,#1443,.F.);
#1959=ORIENTED_EDGE('',*,*,#1440,.F.);
#1960=ORIENTED_EDGE('',*,*,#1361,.F.);
#1961=ORIENTED_EDGE('',*,*,#1439,.T.);
#1962=ORIENTED_EDGE('',*,*,#1444,.F.);
#1963=ORIENTED_EDGE('',*,*,#1442,.F.);
#1964=ORIENTED_EDGE('',*,*,#1364,.F.);
#1965=ORIENTED_EDGE('',*,*,#1445,.T.);
#1966=ORIENTED_EDGE('',*,*,#1446,.F.);
#1967=ORIENTED_EDGE('',*,*,#1447,.F.);
#1968=ORIENTED_EDGE('',*,*,#1367,.F.);
#1969=ORIENTED_EDGE('',*,*,#1448,.T.);
#1970=ORIENTED_EDGE('',*,*,#1449,.F.);
#1971=ORIENTED_EDGE('',*,*,#1445,.F.);
#1972=ORIENTED_EDGE('',*,*,#1366,.F.);
#1973=ORIENTED_EDGE('',*,*,#1450,.T.);
#1974=ORIENTED_EDGE('',*,*,#1451,.F.);
#1975=ORIENTED_EDGE('',*,*,#1448,.F.);
#1976=ORIENTED_EDGE('',*,*,#1365,.F.);
#1977=ORIENTED_EDGE('',*,*,#1447,.T.);
#1978=ORIENTED_EDGE('',*,*,#1452,.F.);
#1979=ORIENTED_EDGE('',*,*,#1450,.F.);
#1980=ORIENTED_EDGE('',*,*,#1368,.F.);
#1981=ORIENTED_EDGE('',*,*,#1453,.T.);
#1982=ORIENTED_EDGE('',*,*,#1454,.F.);
#1983=ORIENTED_EDGE('',*,*,#1455,.F.);
#1984=ORIENTED_EDGE('',*,*,#1371,.F.);
#1985=ORIENTED_EDGE('',*,*,#1456,.T.);
#1986=ORIENTED_EDGE('',*,*,#1457,.F.);
#1987=ORIENTED_EDGE('',*,*,#1453,.F.);
#1988=ORIENTED_EDGE('',*,*,#1370,.F.);
#1989=ORIENTED_EDGE('',*,*,#1458,.T.);
#1990=ORIENTED_EDGE('',*,*,#1459,.F.);
#1991=ORIENTED_EDGE('',*,*,#1456,.F.);
#1992=ORIENTED_EDGE('',*,*,#1369,.F.);
#1993=ORIENTED_EDGE('',*,*,#1455,.T.);
#1994=ORIENTED_EDGE('',*,*,#1460,.F.);
#1995=ORIENTED_EDGE('',*,*,#1458,.F.);
#1996=ORIENTED_EDGE('',*,*,#1372,.F.);
#1997=ORIENTED_EDGE('',*,*,#1461,.T.);
#1998=ORIENTED_EDGE('',*,*,#1462,.F.);
#1999=ORIENTED_EDGE('',*,*,#1463,.F.);
#2000=ORIENTED_EDGE('',*,*,#1375,.F.);
#2001=ORIENTED_EDGE('',*,*,#1464,.T.);
#2002=ORIENTED_EDGE('',*,*,#1465,.F.);
#2003=ORIENTED_EDGE('',*,*,#1461,.F.);
#2004=ORIENTED_EDGE('',*,*,#1374,.F.);
#2005=ORIENTED_EDGE('',*,*,#1466,.T.);
#2006=ORIENTED_EDGE('',*,*,#1467,.F.);
#2007=ORIENTED_EDGE('',*,*,#1464,.F.);
#2008=ORIENTED_EDGE('',*,*,#1373,.F.);
#2009=ORIENTED_EDGE('',*,*,#1463,.T.);
#2010=ORIENTED_EDGE('',*,*,#1468,.F.);
#2011=ORIENTED_EDGE('',*,*,#1466,.F.);
#2012=ORIENTED_EDGE('',*,*,#1376,.F.);
#2013=ORIENTED_EDGE('',*,*,#1469,.T.);
#2014=ORIENTED_EDGE('',*,*,#1470,.F.);
#2015=ORIENTED_EDGE('',*,*,#1471,.F.);
#2016=ORIENTED_EDGE('',*,*,#1379,.F.);
#2017=ORIENTED_EDGE('',*,*,#1472,.T.);
#2018=ORIENTED_EDGE('',*,*,#1473,.F.);
#2019=ORIENTED_EDGE('',*,*,#1469,.F.);
#2020=ORIENTED_EDGE('',*,*,#1378,.F.);
#2021=ORIENTED_EDGE('',*,*,#1474,.T.);
#2022=ORIENTED_EDGE('',*,*,#1475,.F.);
#2023=ORIENTED_EDGE('',*,*,#1472,.F.);
#2024=ORIENTED_EDGE('',*,*,#1377,.F.);
#2025=ORIENTED_EDGE('',*,*,#1471,.T.);
#2026=ORIENTED_EDGE('',*,*,#1476,.F.);
#2027=ORIENTED_EDGE('',*,*,#1474,.F.);
#2028=ORIENTED_EDGE('',*,*,#1477,.F.);
#2029=ORIENTED_EDGE('',*,*,#1478,.T.);
#2030=ORIENTED_EDGE('',*,*,#1329,.F.);
#2031=ORIENTED_EDGE('',*,*,#1479,.F.);
#2032=ORIENTED_EDGE('',*,*,#1385,.F.);
#2033=ORIENTED_EDGE('',*,*,#1480,.F.);
#2034=ORIENTED_EDGE('',*,*,#1481,.F.);
#2035=ORIENTED_EDGE('',*,*,#1479,.T.);
#2036=ORIENTED_EDGE('',*,*,#1328,.F.);
#2037=ORIENTED_EDGE('',*,*,#1384,.F.);
#2038=ORIENTED_EDGE('',*,*,#1383,.F.);
#2039=ORIENTED_EDGE('',*,*,#1482,.F.);
#2040=ORIENTED_EDGE('',*,*,#1480,.T.);
#2041=ORIENTED_EDGE('',*,*,#1388,.F.);
#2042=ORIENTED_EDGE('',*,*,#1483,.F.);
#2043=ORIENTED_EDGE('',*,*,#1484,.F.);
#2044=ORIENTED_EDGE('',*,*,#1322,.T.);
#2045=ORIENTED_EDGE('',*,*,#1387,.F.);
#2046=ORIENTED_EDGE('',*,*,#1334,.F.);
#2047=ORIENTED_EDGE('',*,*,#1485,.F.);
#2048=ORIENTED_EDGE('',*,*,#1486,.F.);
#2049=ORIENTED_EDGE('',*,*,#1483,.T.);
#2050=ORIENTED_EDGE('',*,*,#1487,.F.);
#2051=ORIENTED_EDGE('',*,*,#1485,.T.);
#2052=ORIENTED_EDGE('',*,*,#1333,.F.);
#2053=ORIENTED_EDGE('',*,*,#1488,.F.);
#2054=ORIENTED_EDGE('',*,*,#1489,.F.);
#2055=ORIENTED_EDGE('',*,*,#1488,.T.);
#2056=ORIENTED_EDGE('',*,*,#1332,.F.);
#2057=ORIENTED_EDGE('',*,*,#1490,.F.);
#2058=ORIENTED_EDGE('',*,*,#1491,.T.);
#2059=ORIENTED_EDGE('',*,*,#1490,.T.);
#2060=ORIENTED_EDGE('',*,*,#1331,.F.);
#2061=ORIENTED_EDGE('',*,*,#1492,.F.);
#2062=ORIENTED_EDGE('',*,*,#1493,.F.);
#2063=ORIENTED_EDGE('',*,*,#1492,.T.);
#2064=ORIENTED_EDGE('',*,*,#1330,.F.);
#2065=ORIENTED_EDGE('',*,*,#1478,.F.);
#2066=ORIENTED_EDGE('',*,*,#1307,.F.);
#2067=ORIENTED_EDGE('',*,*,#1323,.T.);
#2068=ORIENTED_EDGE('',*,*,#1484,.T.);
#2069=ORIENTED_EDGE('',*,*,#1486,.T.);
#2070=ORIENTED_EDGE('',*,*,#1487,.T.);
#2071=ORIENTED_EDGE('',*,*,#1489,.T.);
#2072=ORIENTED_EDGE('',*,*,#1491,.F.);
#2073=ORIENTED_EDGE('',*,*,#1493,.T.);
#2074=ORIENTED_EDGE('',*,*,#1477,.T.);
#2075=ORIENTED_EDGE('',*,*,#1481,.T.);
#2076=ORIENTED_EDGE('',*,*,#1482,.T.);
#2077=ORIENTED_EDGE('',*,*,#1382,.T.);
#2078=ORIENTED_EDGE('',*,*,#1316,.F.);
#2079=ORIENTED_EDGE('',*,*,#1386,.T.);
#2080=ORIENTED_EDGE('',*,*,#1470,.T.);
#2081=ORIENTED_EDGE('',*,*,#1473,.T.);
#2082=ORIENTED_EDGE('',*,*,#1475,.T.);
#2083=ORIENTED_EDGE('',*,*,#1476,.T.);
#2084=ORIENTED_EDGE('',*,*,#1462,.T.);
#2085=ORIENTED_EDGE('',*,*,#1465,.T.);
#2086=ORIENTED_EDGE('',*,*,#1467,.T.);
#2087=ORIENTED_EDGE('',*,*,#1468,.T.);
#2088=ORIENTED_EDGE('',*,*,#1454,.T.);
#2089=ORIENTED_EDGE('',*,*,#1457,.T.);
#2090=ORIENTED_EDGE('',*,*,#1459,.T.);
#2091=ORIENTED_EDGE('',*,*,#1460,.T.);
#2092=ORIENTED_EDGE('',*,*,#1446,.T.);
#2093=ORIENTED_EDGE('',*,*,#1449,.T.);
#2094=ORIENTED_EDGE('',*,*,#1451,.T.);
#2095=ORIENTED_EDGE('',*,*,#1452,.T.);
#2096=ORIENTED_EDGE('',*,*,#1438,.T.);
#2097=ORIENTED_EDGE('',*,*,#1441,.T.);
#2098=ORIENTED_EDGE('',*,*,#1443,.T.);
#2099=ORIENTED_EDGE('',*,*,#1444,.T.);
#2100=ORIENTED_EDGE('',*,*,#1430,.T.);
#2101=ORIENTED_EDGE('',*,*,#1433,.T.);
#2102=ORIENTED_EDGE('',*,*,#1435,.T.);
#2103=ORIENTED_EDGE('',*,*,#1436,.T.);
#2104=ORIENTED_EDGE('',*,*,#1422,.T.);
#2105=ORIENTED_EDGE('',*,*,#1425,.T.);
#2106=ORIENTED_EDGE('',*,*,#1427,.T.);
#2107=ORIENTED_EDGE('',*,*,#1428,.T.);
#2108=ORIENTED_EDGE('',*,*,#1414,.T.);
#2109=ORIENTED_EDGE('',*,*,#1417,.T.);
#2110=ORIENTED_EDGE('',*,*,#1419,.T.);
#2111=ORIENTED_EDGE('',*,*,#1420,.T.);
#2112=ORIENTED_EDGE('',*,*,#1406,.T.);
#2113=ORIENTED_EDGE('',*,*,#1409,.T.);
#2114=ORIENTED_EDGE('',*,*,#1411,.T.);
#2115=ORIENTED_EDGE('',*,*,#1412,.T.);
#2116=ORIENTED_EDGE('',*,*,#1398,.T.);
#2117=ORIENTED_EDGE('',*,*,#1401,.T.);
#2118=ORIENTED_EDGE('',*,*,#1403,.T.);
#2119=ORIENTED_EDGE('',*,*,#1404,.T.);
#2120=ORIENTED_EDGE('',*,*,#1390,.T.);
#2121=ORIENTED_EDGE('',*,*,#1393,.T.);
#2122=ORIENTED_EDGE('',*,*,#1395,.T.);
#2123=ORIENTED_EDGE('',*,*,#1396,.T.);
#2124=CYLINDRICAL_SURFACE('',#2294,1.);
#2125=CYLINDRICAL_SURFACE('',#2297,1.);
#2126=CYLINDRICAL_SURFACE('',#2299,1.);
#2127=CYLINDRICAL_SURFACE('',#2301,1.);
#2128=CYLINDRICAL_SURFACE('',#2303,1.);
#2129=CYLINDRICAL_SURFACE('',#2305,1.);
#2130=CYLINDRICAL_SURFACE('',#2311,1.);
#2131=CYLINDRICAL_SURFACE('',#2312,1.);
#2132=CYLINDRICAL_SURFACE('',#2315,1.);
#2133=CYLINDRICAL_SURFACE('',#2316,1.);
#2134=CYLINDRICAL_SURFACE('',#2322,1.);
#2135=CYLINDRICAL_SURFACE('',#2323,1.);
#2136=CYLINDRICAL_SURFACE('',#2325,1.);
#2137=CYLINDRICAL_SURFACE('',#2343,3.999999042851);
#2138=CYLINDRICAL_SURFACE('',#2353,3.999999042851);
#2139=CYLINDRICAL_SURFACE('',#2356,3.999999042851);
#2140=CYLINDRICAL_SURFACE('',#2360,3.999999042851);
#2141=CYLINDRICAL_SURFACE('',#2363,4.00000042591);
#2142=CYLINDRICAL_SURFACE('',#2372,1.);
#2143=CYLINDRICAL_SURFACE('',#2375,1.);
#2144=CYLINDRICAL_SURFACE('',#2380,1.);
#2145=CYLINDRICAL_SURFACE('',#2386,1.);
#2146=CYLINDRICAL_SURFACE('',#2391,1.);
#2147=CYLINDRICAL_SURFACE('',#2394,1.);
#2148=CYLINDRICAL_SURFACE('',#2397,1.);
#2149=CYLINDRICAL_SURFACE('',#2449,4.14244787700673);
#2150=CYLINDRICAL_SURFACE('',#2452,4.14718159761103);
#2151=ADVANCED_FACE('',(#172),#2124,.T.);
#2152=ADVANCED_FACE('',(#173),#2125,.T.);
#2153=ADVANCED_FACE('',(#174),#2126,.T.);
#2154=ADVANCED_FACE('',(#175),#2127,.T.);
#2155=ADVANCED_FACE('',(#176),#2128,.T.);
#2156=ADVANCED_FACE('',(#177),#2129,.T.);
#2157=ADVANCED_FACE('',(#178),#136,.T.);
#2158=ADVANCED_FACE('',(#179),#2130,.T.);
#2159=ADVANCED_FACE('',(#180),#2131,.T.);
#2160=ADVANCED_FACE('',(#181),#2132,.T.);
#2161=ADVANCED_FACE('',(#182),#2133,.T.);
#2162=ADVANCED_FACE('',(#183),#137,.T.);
#2163=ADVANCED_FACE('',(#184),#2134,.T.);
#2164=ADVANCED_FACE('',(#185),#2135,.T.);
#2165=ADVANCED_FACE('',(#186),#2136,.T.);
#2166=ADVANCED_FACE('',(#187),#51,.F.);
#2167=ADVANCED_FACE('',(#188),#52,.T.);
#2168=ADVANCED_FACE('',(#189),#53,.T.);
#2169=ADVANCED_FACE('',(#190),#54,.T.);
#2170=ADVANCED_FACE('',(#191),#55,.F.);
#2171=ADVANCED_FACE('',(#192),#56,.T.);
#2172=ADVANCED_FACE('',(#193),#57,.F.);
#2173=ADVANCED_FACE('',(#194),#58,.F.);
#2174=ADVANCED_FACE('',(#195),#59,.F.);
#2175=ADVANCED_FACE('',(#196),#60,.F.);
#2176=ADVANCED_FACE('',(#197),#61,.T.);
#2177=ADVANCED_FACE('',(#198),#62,.F.);
#2178=ADVANCED_FACE('',(#199),#63,.F.);
#2179=ADVANCED_FACE('',(#200),#2137,.F.);
#2180=ADVANCED_FACE('',(#201),#64,.T.);
#2181=ADVANCED_FACE('',(#202),#65,.T.);
#2182=ADVANCED_FACE('',(#203),#66,.T.);
#2183=ADVANCED_FACE('',(#204),#67,.T.);
#2184=ADVANCED_FACE('',(#205),#68,.F.);
#2185=ADVANCED_FACE('',(#206),#69,.F.);
#2186=ADVANCED_FACE('',(#207),#2138,.F.);
#2187=ADVANCED_FACE('',(#208),#70,.F.);
#2188=ADVANCED_FACE('',(#209),#2139,.F.);
#2189=ADVANCED_FACE('',(#210),#71,.F.);
#2190=ADVANCED_FACE('',(#211),#72,.F.);
#2191=ADVANCED_FACE('',(#212),#2140,.F.);
#2192=ADVANCED_FACE('',(#213),#73,.F.);
#2193=ADVANCED_FACE('',(#214),#2141,.F.);
#2194=ADVANCED_FACE('',(#215),#74,.T.);
#2195=ADVANCED_FACE('',(#216),#75,.T.);
#2196=ADVANCED_FACE('',(#217),#76,.T.);
#2197=ADVANCED_FACE('',(#218),#77,.T.);
#2198=ADVANCED_FACE('',(#219),#78,.T.);
#2199=ADVANCED_FACE('',(#220),#79,.T.);
#2200=ADVANCED_FACE('',(#221),#2142,.T.);
#2201=ADVANCED_FACE('',(#222),#2143,.T.);
#2202=ADVANCED_FACE('',(#223),#41,.T.);
#2203=ADVANCED_FACE('',(#224),#2144,.T.);
#2204=ADVANCED_FACE('',(#225),#42,.T.);
#2205=ADVANCED_FACE('',(#226),#80,.T.);
#2206=ADVANCED_FACE('',(#227),#2145,.T.);
#2207=ADVANCED_FACE('',(#228,#19,#20,#21,#22,#23,#24,#25,#26,#27,#28,#29),
#81,.T.);
#2208=ADVANCED_FACE('',(#229),#2146,.T.);
#2209=ADVANCED_FACE('',(#230),#82,.T.);
#2210=ADVANCED_FACE('',(#231),#2147,.T.);
#2211=ADVANCED_FACE('',(#232),#83,.T.);
#2212=ADVANCED_FACE('',(#233),#2148,.T.);
#2213=ADVANCED_FACE('',(#234),#84,.F.);
#2214=ADVANCED_FACE('',(#235),#85,.F.);
#2215=ADVANCED_FACE('',(#236),#86,.F.);
#2216=ADVANCED_FACE('',(#237),#87,.F.);
#2217=ADVANCED_FACE('',(#238),#88,.F.);
#2218=ADVANCED_FACE('',(#239),#89,.F.);
#2219=ADVANCED_FACE('',(#240),#90,.F.);
#2220=ADVANCED_FACE('',(#241),#91,.F.);
#2221=ADVANCED_FACE('',(#242),#92,.F.);
#2222=ADVANCED_FACE('',(#243),#93,.F.);
#2223=ADVANCED_FACE('',(#244),#94,.F.);
#2224=ADVANCED_FACE('',(#245),#95,.F.);
#2225=ADVANCED_FACE('',(#246),#96,.F.);
#2226=ADVANCED_FACE('',(#247),#97,.F.);
#2227=ADVANCED_FACE('',(#248),#98,.F.);
#2228=ADVANCED_FACE('',(#249),#99,.F.);
#2229=ADVANCED_FACE('',(#250),#100,.F.);
#2230=ADVANCED_FACE('',(#251),#101,.F.);
#2231=ADVANCED_FACE('',(#252),#102,.F.);
#2232=ADVANCED_FACE('',(#253),#103,.F.);
#2233=ADVANCED_FACE('',(#254),#104,.F.);
#2234=ADVANCED_FACE('',(#255),#105,.F.);
#2235=ADVANCED_FACE('',(#256),#106,.F.);
#2236=ADVANCED_FACE('',(#257),#107,.F.);
#2237=ADVANCED_FACE('',(#258),#108,.F.);
#2238=ADVANCED_FACE('',(#259),#109,.F.);
#2239=ADVANCED_FACE('',(#260),#110,.F.);
#2240=ADVANCED_FACE('',(#261),#111,.F.);
#2241=ADVANCED_FACE('',(#262),#112,.F.);
#2242=ADVANCED_FACE('',(#263),#113,.F.);
#2243=ADVANCED_FACE('',(#264),#114,.F.);
#2244=ADVANCED_FACE('',(#265),#115,.F.);
#2245=ADVANCED_FACE('',(#266),#116,.F.);
#2246=ADVANCED_FACE('',(#267),#117,.F.);
#2247=ADVANCED_FACE('',(#268),#118,.F.);
#2248=ADVANCED_FACE('',(#269),#119,.F.);
#2249=ADVANCED_FACE('',(#270),#120,.F.);
#2250=ADVANCED_FACE('',(#271),#121,.F.);
#2251=ADVANCED_FACE('',(#272),#122,.F.);
#2252=ADVANCED_FACE('',(#273),#123,.F.);
#2253=ADVANCED_FACE('',(#274),#124,.F.);
#2254=ADVANCED_FACE('',(#275),#125,.F.);
#2255=ADVANCED_FACE('',(#276),#126,.F.);
#2256=ADVANCED_FACE('',(#277),#127,.F.);
#2257=ADVANCED_FACE('',(#278),#128,.T.);
#2258=ADVANCED_FACE('',(#279),#129,.T.);
#2259=ADVANCED_FACE('',(#280),#130,.T.);
#2260=ADVANCED_FACE('',(#281),#131,.T.);
#2261=ADVANCED_FACE('',(#282),#132,.T.);
#2262=ADVANCED_FACE('',(#283),#133,.T.);
#2263=ADVANCED_FACE('',(#284),#2149,.F.);
#2264=ADVANCED_FACE('',(#285),#134,.T.);
#2265=ADVANCED_FACE('',(#286),#2150,.F.);
#2266=ADVANCED_FACE('',(#287,#30,#31,#32,#33,#34,#35,#36,#37,#38,#39,#40),
#135,.F.);
#2267=CLOSED_SHELL('',(#2151,#2152,#2153,#2154,#2155,#2156,#2157,#2158,
#2159,#2160,#2161,#2162,#2163,#2164,#2165,#2166,#2167,#2168,#2169,#2170,
#2171,#2172,#2173,#2174,#2175,#2176,#2177,#2178,#2179,#2180,#2181,#2182,
#2183,#2184,#2185,#2186,#2187,#2188,#2189,#2190,#2191,#2192,#2193,#2194,
#2195,#2196,#2197,#2198,#2199));
#2268=CLOSED_SHELL('',(#2200,#2201,#2202,#2203,#2204,#2205,#2206,#2207,
#2208,#2209,#2210,#2211,#2212,#2213,#2214,#2215,#2216,#2217,#2218,#2219,
#2220,#2221,#2222,#2223,#2224,#2225,#2226,#2227,#2228,#2229,#2230,#2231,
#2232,#2233,#2234,#2235,#2236,#2237,#2238,#2239,#2240,#2241,#2242,#2243,
#2244,#2245,#2246,#2247,#2248,#2249,#2250,#2251,#2252,#2253,#2254,#2255,
#2256,#2257,#2258,#2259,#2260,#2261,#2262,#2263,#2264,#2265,#2266));
#2269=DERIVED_UNIT_ELEMENT(#2273,1.);
#2270=DERIVED_UNIT_ELEMENT(#3730,-3.);
#2271=DERIVED_UNIT_ELEMENT(#2273,1.);
#2272=DERIVED_UNIT_ELEMENT(#3730,-3.);
#2273=(
MASS_UNIT()
NAMED_UNIT(*)
SI_UNIT(.KILO.,.GRAM.)
);
#2274=DERIVED_UNIT((#2269,#2270));
#2275=DERIVED_UNIT((#2271,#2272));
#2276=MEASURE_REPRESENTATION_ITEM('density measure',
POSITIVE_RATIO_MEASURE(7850.),#2274);
#2277=MEASURE_REPRESENTATION_ITEM('density measure',
POSITIVE_RATIO_MEASURE(7850.),#2275);
#2278=PROPERTY_DEFINITION_REPRESENTATION(#2288,#2282);
#2279=PROPERTY_DEFINITION_REPRESENTATION(#2289,#2283);
#2280=PROPERTY_DEFINITION_REPRESENTATION(#2290,#2284);
#2281=PROPERTY_DEFINITION_REPRESENTATION(#2291,#2285);
#2282=REPRESENTATION('material name',(#2286),#3726);
#2283=REPRESENTATION('density',(#2276),#3726);
#2284=REPRESENTATION('material name',(#2287),#3727);
#2285=REPRESENTATION('density',(#2277),#3727);
#2286=DESCRIPTIVE_REPRESENTATION_ITEM('Steel','Steel');
#2287=DESCRIPTIVE_REPRESENTATION_ITEM('Steel','Steel');
#2288=PROPERTY_DEFINITION('material property','material name',#3746);
#2289=PROPERTY_DEFINITION('material property','density of part',#3746);
#2290=PROPERTY_DEFINITION('material property','material name',#3747);
#2291=PROPERTY_DEFINITION('material property','density of part',#3747);
#2292=AXIS2_PLACEMENT_3D('',#3056,#2457,#2458);
#2293=AXIS2_PLACEMENT_3D('',#3057,#2459,#2460);
#2294=AXIS2_PLACEMENT_3D('',#3058,#2461,#2462);
#2295=AXIS2_PLACEMENT_3D('',#3063,#2464,#2465);
#2296=AXIS2_PLACEMENT_3D('',#3066,#2467,#2468);
#2297=AXIS2_PLACEMENT_3D('',#3067,#2469,#2470);
#2298=AXIS2_PLACEMENT_3D('',#3071,#2472,#2473);
#2299=AXIS2_PLACEMENT_3D('',#3073,#2475,#2476);
#2300=AXIS2_PLACEMENT_3D('',#3077,#2478,#2479);
#2301=AXIS2_PLACEMENT_3D('',#3079,#2481,#2482);
#2302=AXIS2_PLACEMENT_3D('',#3084,#2484,#2485);
#2303=AXIS2_PLACEMENT_3D('',#3101,#2487,#2488);
#2304=AXIS2_PLACEMENT_3D('',#3122,#2491,#2492);
#2305=AXIS2_PLACEMENT_3D('',#3123,#2493,#2494);
#2306=AXIS2_PLACEMENT_3D('',#3130,#2497,#2498);
#2307=AXIS2_PLACEMENT_3D('',#3133,#2500,#2501);
#2308=AXIS2_PLACEMENT_3D('',#3134,#2502,#2503);
#2309=AXIS2_PLACEMENT_3D('',#3135,#2504,#2505);
#2310=AXIS2_PLACEMENT_3D('',#3136,#2506,#2507);
#2311=AXIS2_PLACEMENT_3D('',#3137,#2508,#2509);
#2312=AXIS2_PLACEMENT_3D('',#3140,#2512,#2513);
#2313=AXIS2_PLACEMENT_3D('',#3145,#2515,#2516);
#2314=AXIS2_PLACEMENT_3D('',#3148,#2518,#2519);
#2315=AXIS2_PLACEMENT_3D('',#3149,#2520,#2521);
#2316=AXIS2_PLACEMENT_3D('',#3152,#2524,#2525);
#2317=AXIS2_PLACEMENT_3D('',#3157,#2528,#2529);
#2318=AXIS2_PLACEMENT_3D('',#3158,#2530,#2531);
#2319=AXIS2_PLACEMENT_3D('',#3160,#2532,#2533);
#2320=AXIS2_PLACEMENT_3D('',#3162,#2534,#2535);
#2321=AXIS2_PLACEMENT_3D('',#3163,#2536,#2537);
#2322=AXIS2_PLACEMENT_3D('',#3164,#2538,#2539);
#2323=AXIS2_PLACEMENT_3D('',#3169,#2543,#2544);
#2324=AXIS2_PLACEMENT_3D('',#3174,#2547,#2548);
#2325=AXIS2_PLACEMENT_3D('',#3175,#2549,#2550);
#2326=AXIS2_PLACEMENT_3D('',#3178,#2553,#2554);
#2327=AXIS2_PLACEMENT_3D('',#3188,#2560,#2561);
#2328=AXIS2_PLACEMENT_3D('',#3192,#2564,#2565);
#2329=AXIS2_PLACEMENT_3D('',#3196,#2568,#2569);
#2330=AXIS2_PLACEMENT_3D('',#3197,#2570,#2571);
#2331=AXIS2_PLACEMENT_3D('',#3207,#2577,#2578);
#2332=AXIS2_PLACEMENT_3D('',#3211,#2581,#2582);
#2333=AXIS2_PLACEMENT_3D('',#3217,#2586,#2587);
#2334=AXIS2_PLACEMENT_3D('',#3223,#2591,#2592);
#2335=AXIS2_PLACEMENT_3D('',#3232,#2597,#2598);
#2336=AXIS2_PLACEMENT_3D('',#3238,#2602,#2603);
#2337=AXIS2_PLACEMENT_3D('',#3243,#2606,#2607);
#2338=AXIS2_PLACEMENT_3D('',#3247,#2609,#2610);
#2339=AXIS2_PLACEMENT_3D('',#3251,#2612,#2613);
#2340=AXIS2_PLACEMENT_3D('',#3255,#2615,#2616);
#2341=AXIS2_PLACEMENT_3D('',#3257,#2618,#2619);
#2342=AXIS2_PLACEMENT_3D('',#3262,#2623,#2624);
#2343=AXIS2_PLACEMENT_3D('',#3272,#2630,#2631);
#2344=AXIS2_PLACEMENT_3D('',#3274,#2632,#2633);
#2345=AXIS2_PLACEMENT_3D('',#3278,#2635,#2636);
#2346=AXIS2_PLACEMENT_3D('',#3281,#2638,#2639);
#2347=AXIS2_PLACEMENT_3D('',#3282,#2640,#2641);
#2348=AXIS2_PLACEMENT_3D('',#3284,#2643,#2644);
#2349=AXIS2_PLACEMENT_3D('',#3286,#2646,#2647);
#2350=AXIS2_PLACEMENT_3D('',#3288,#2649,#2650);
#2351=AXIS2_PLACEMENT_3D('',#3289,#2651,#2652);
#2352=AXIS2_PLACEMENT_3D('',#3293,#2655,#2656);
#2353=AXIS2_PLACEMENT_3D('',#3299,#2660,#2661);
#2354=AXIS2_PLACEMENT_3D('',#3301,#2662,#2663);
#2355=AXIS2_PLACEMENT_3D('',#3303,#2665,#2666);
#2356=AXIS2_PLACEMENT_3D('',#3307,#2669,#2670);
#2357=AXIS2_PLACEMENT_3D('',#3308,#2671,#2672);
#2358=AXIS2_PLACEMENT_3D('',#3309,#2673,#2674);
#2359=AXIS2_PLACEMENT_3D('',#3311,#2676,#2677);
#2360=AXIS2_PLACEMENT_3D('',#3313,#2679,#2680);
#2361=AXIS2_PLACEMENT_3D('',#3315,#2681,#2682);
#2362=AXIS2_PLACEMENT_3D('',#3317,#2684,#2685);
#2363=AXIS2_PLACEMENT_3D('',#3321,#2688,#2689);
#2364=AXIS2_PLACEMENT_3D('',#3322,#2690,#2691);
#2365=AXIS2_PLACEMENT_3D('',#3323,#2692,#2693);
#2366=AXIS2_PLACEMENT_3D('',#3329,#2697,#2698);
#2367=AXIS2_PLACEMENT_3D('',#3333,#2701,#2702);
#2368=AXIS2_PLACEMENT_3D('',#3337,#2705,#2706);
#2369=AXIS2_PLACEMENT_3D('',#3339,#2708,#2709);
#2370=AXIS2_PLACEMENT_3D('',#3341,#2711,#2712);
#2371=AXIS2_PLACEMENT_3D('',#3342,#2713,#2714);
#2372=AXIS2_PLACEMENT_3D('',#3343,#2715,#2716);
#2373=AXIS2_PLACEMENT_3D('',#3346,#2717,#2718);
#2374=AXIS2_PLACEMENT_3D('',#3350,#2720,#2721);
#2375=AXIS2_PLACEMENT_3D('',#3352,#2723,#2724);
#2376=AXIS2_PLACEMENT_3D('',#3354,#2725,#2726);
#2377=AXIS2_PLACEMENT_3D('',#3358,#2728,#2729);
#2378=AXIS2_PLACEMENT_3D('',#3360,#2731,#2732);
#2379=AXIS2_PLACEMENT_3D('',#3361,#2733,#2734);
#2380=AXIS2_PLACEMENT_3D('',#3362,#2735,#2736);
#2381=AXIS2_PLACEMENT_3D('',#3365,#2737,#2738);
#2382=AXIS2_PLACEMENT_3D('',#3368,#2740,#2741);
#2383=AXIS2_PLACEMENT_3D('',#3370,#2743,#2744);
#2384=AXIS2_PLACEMENT_3D('',#3371,#2745,#2746);
#2385=AXIS2_PLACEMENT_3D('',#3372,#2747,#2748);
#2386=AXIS2_PLACEMENT_3D('',#3378,#2752,#2753);
#2387=AXIS2_PLACEMENT_3D('',#3381,#2755,#2756);
#2388=AXIS2_PLACEMENT_3D('',#3382,#2757,#2758);
#2389=AXIS2_PLACEMENT_3D('',#3392,#2763,#2764);
#2390=AXIS2_PLACEMENT_3D('',#3396,#2766,#2767);
#2391=AXIS2_PLACEMENT_3D('',#3490,#2815,#2816);
#2392=AXIS2_PLACEMENT_3D('',#3493,#2818,#2819);
#2393=AXIS2_PLACEMENT_3D('',#3494,#2820,#2821);
#2394=AXIS2_PLACEMENT_3D('',#3498,#2824,#2825);
#2395=AXIS2_PLACEMENT_3D('',#3501,#2827,#2828);
#2396=AXIS2_PLACEMENT_3D('',#3502,#2829,#2830);
#2397=AXIS2_PLACEMENT_3D('',#3504,#2832,#2833);
#2398=AXIS2_PLACEMENT_3D('',#3506,#2834,#2835);
#2399=AXIS2_PLACEMENT_3D('',#3508,#2837,#2838);
#2400=AXIS2_PLACEMENT_3D('',#3514,#2842,#2843);
#2401=AXIS2_PLACEMENT_3D('',#3518,#2846,#2847);
#2402=AXIS2_PLACEMENT_3D('',#3522,#2850,#2851);
#2403=AXIS2_PLACEMENT_3D('',#3524,#2853,#2854);
#2404=AXIS2_PLACEMENT_3D('',#3530,#2858,#2859);
#2405=AXIS2_PLACEMENT_3D('',#3534,#2862,#2863);
#2406=AXIS2_PLACEMENT_3D('',#3538,#2866,#2867);
#2407=AXIS2_PLACEMENT_3D('',#3540,#2869,#2870);
#2408=AXIS2_PLACEMENT_3D('',#3546,#2874,#2875);
#2409=AXIS2_PLACEMENT_3D('',#3550,#2878,#2879);
#2410=AXIS2_PLACEMENT_3D('',#3554,#2882,#2883);
#2411=AXIS2_PLACEMENT_3D('',#3556,#2885,#2886);
#2412=AXIS2_PLACEMENT_3D('',#3562,#2890,#2891);
#2413=AXIS2_PLACEMENT_3D('',#3566,#2894,#2895);
#2414=AXIS2_PLACEMENT_3D('',#3570,#2898,#2899);
#2415=AXIS2_PLACEMENT_3D('',#3572,#2901,#2902);
#2416=AXIS2_PLACEMENT_3D('',#3578,#2906,#2907);
#2417=AXIS2_PLACEMENT_3D('',#3582,#2910,#2911);
#2418=AXIS2_PLACEMENT_3D('',#3586,#2914,#2915);
#2419=AXIS2_PLACEMENT_3D('',#3588,#2917,#2918);
#2420=AXIS2_PLACEMENT_3D('',#3594,#2922,#2923);
#2421=AXIS2_PLACEMENT_3D('',#3598,#2926,#2927);
#2422=AXIS2_PLACEMENT_3D('',#3602,#2930,#2931);
#2423=AXIS2_PLACEMENT_3D('',#3604,#2933,#2934);
#2424=AXIS2_PLACEMENT_3D('',#3610,#2938,#2939);
#2425=AXIS2_PLACEMENT_3D('',#3614,#2942,#2943);
#2426=AXIS2_PLACEMENT_3D('',#3618,#2946,#2947);
#2427=AXIS2_PLACEMENT_3D('',#3620,#2949,#2950);
#2428=AXIS2_PLACEMENT_3D('',#3626,#2954,#2955);
#2429=AXIS2_PLACEMENT_3D('',#3630,#2958,#2959);
#2430=AXIS2_PLACEMENT_3D('',#3634,#2962,#2963);
#2431=AXIS2_PLACEMENT_3D('',#3636,#2965,#2966);
#2432=AXIS2_PLACEMENT_3D('',#3642,#2970,#2971);
#2433=AXIS2_PLACEMENT_3D('',#3646,#2974,#2975);
#2434=AXIS2_PLACEMENT_3D('',#3650,#2978,#2979);
#2435=AXIS2_PLACEMENT_3D('',#3652,#2981,#2982);
#2436=AXIS2_PLACEMENT_3D('',#3658,#2986,#2987);
#2437=AXIS2_PLACEMENT_3D('',#3662,#2990,#2991);
#2438=AXIS2_PLACEMENT_3D('',#3666,#2994,#2995);
#2439=AXIS2_PLACEMENT_3D('',#3668,#2997,#2998);
#2440=AXIS2_PLACEMENT_3D('',#3674,#3002,#3003);
#2441=AXIS2_PLACEMENT_3D('',#3678,#3006,#3007);
#2442=AXIS2_PLACEMENT_3D('',#3682,#3010,#3011);
#2443=AXIS2_PLACEMENT_3D('',#3684,#3013,#3014);
#2444=AXIS2_PLACEMENT_3D('',#3690,#3018,#3019);
#2445=AXIS2_PLACEMENT_3D('',#3694,#3022,#3023);
#2446=AXIS2_PLACEMENT_3D('',#3696,#3025,#3026);
#2447=AXIS2_PLACEMENT_3D('',#3700,#3029,#3030);
#2448=AXIS2_PLACEMENT_3D('',#3704,#3033,#3034);
#2449=AXIS2_PLACEMENT_3D('',#3708,#3037,#3038);
#2450=AXIS2_PLACEMENT_3D('',#3710,#3039,#3040);
#2451=AXIS2_PLACEMENT_3D('',#3712,#3042,#3043);
#2452=AXIS2_PLACEMENT_3D('',#3716,#3046,#3047);
#2453=AXIS2_PLACEMENT_3D('',#3717,#3048,#3049);
#2454=AXIS2_PLACEMENT_3D('',#3718,#3050,#3051);
#2455=AXIS2_PLACEMENT_3D('',#3719,#3052,#3053);
#2456=AXIS2_PLACEMENT_3D('',#3720,#3054,#3055);
#2457=DIRECTION('axis',(0.,0.,1.));
#2458=DIRECTION('refdir',(1.,0.,0.));
#2459=DIRECTION('axis',(0.,0.,1.));
#2460=DIRECTION('refdir',(1.,0.,0.));
#2461=DIRECTION('center_axis',(-0.677308305743196,-0.735699299286931,0.));
#2462=DIRECTION('ref_axis',(0.520217963439953,-0.478929295944995,-0.707106781186561));
#2463=DIRECTION('',(0.677308305743196,0.735699299286931,0.));
#2464=DIRECTION('center_axis',(-0.363524896474111,-0.931584483363418,0.));
#2465=DIRECTION('ref_axis',(0.931584483363418,-0.363524896474111,0.));
#2466=DIRECTION('',(-0.677308305743196,-0.735699299286931,0.));
#2467=DIRECTION('center_axis',(-0.915780624861437,-0.401678786007422,0.));
#2468=DIRECTION('ref_axis',(0.401678786007422,-0.915780624861437,0.));
#2469=DIRECTION('center_axis',(0.,-1.,0.));
#2470=DIRECTION('ref_axis',(0.707106781186553,0.,-0.707106781186542));
#2471=DIRECTION('',(0.,1.,0.));
#2472=DIRECTION('center_axis',(0.707106781186541,-0.707106781186554,0.));
#2473=DIRECTION('ref_axis',(0.707106781186554,0.707106781186541,0.));
#2474=DIRECTION('',(0.,-1.,0.));
#2475=DIRECTION('center_axis',(1.,0.,0.));
#2476=DIRECTION('ref_axis',(0.,0.707106781186546,-0.707106781186549));
#2477=DIRECTION('',(-1.,0.,0.));
#2478=DIRECTION('center_axis',(0.707106781186541,0.707106781186554,0.));
#2479=DIRECTION('ref_axis',(-0.707106781186554,0.707106781186541,0.));
#2480=DIRECTION('',(1.,0.,0.));
#2481=DIRECTION('center_axis',(0.00504052935774269,0.999987296451207,0.));
#2482=DIRECTION('ref_axis',(-0.707097798421044,0.00356419248962976,-0.707106781186554));
#2483=DIRECTION('',(-0.00504052935774269,-0.999987296451207,0.));
#2484=DIRECTION('center_axis',(0.71066199091069,0.703533605931412,0.));
#2485=DIRECTION('ref_axis',(0.703533605931411,-0.71066199091069,0.));
#2486=DIRECTION('',(-0.00504052935774269,-0.999987296451207,0.));
#2487=DIRECTION('center_axis',(-0.00504052935774269,-0.999987296451207,
0.));
#2488=DIRECTION('ref_axis',(0.707097798421044,-0.00356419248962976,-0.707106781186554));
#2489=DIRECTION('',(0.00504052935774269,0.999987296451207,0.));
#2490=DIRECTION('',(0.00504052935774269,0.999987296451207,0.));
#2491=DIRECTION('center_axis',(-0.703533605931415,0.710661990910687,-6.31194644027999E-15));
#2492=DIRECTION('ref_axis',(0.710661990910687,0.703533605931415,6.3119464402801E-15));
#2493=DIRECTION('center_axis',(0.,-1.,0.));
#2494=DIRECTION('ref_axis',(0.70710678118654,0.,-0.707106781186555));
#2495=DIRECTION('',(0.,-1.,0.));
#2496=DIRECTION('',(0.,-1.,0.));
#2497=DIRECTION('center_axis',(0.,1.,0.));
#2498=DIRECTION('ref_axis',(1.,0.,0.));
#2499=DIRECTION('',(0.,1.,0.));
#2500=DIRECTION('center_axis',(0.707106781186548,-0.707106781186548,0.));
#2501=DIRECTION('ref_axis',(0.707106781186548,0.707106781186548,0.));
#2502=DIRECTION('center_axis',(0.,0.,1.));
#2503=DIRECTION('ref_axis',(1.,0.,0.));
#2504=DIRECTION('center_axis',(0.,0.,-1.));
#2505=DIRECTION('ref_axis',(-0.763931849177933,-0.645296931506407,0.));
#2506=DIRECTION('center_axis',(0.,0.,1.));
#2507=DIRECTION('ref_axis',(-0.999999999999994,-1.06477488812791E-7,0.));
#2508=DIRECTION('center_axis',(0.999987296451207,-0.00504052935774269,0.));
#2509=DIRECTION('ref_axis',(0.00356419248962973,0.70709779842105,-0.707106781186548));
#2510=DIRECTION('',(-0.999987296451207,0.00504052935774269,0.));
#2511=DIRECTION('',(-0.999987296451207,0.00504052935774269,0.));
#2512=DIRECTION('center_axis',(0.999999999999987,1.63912778461395E-7,0.));
#2513=DIRECTION('ref_axis',(-1.15903823356367E-7,0.707106781186535,-0.70710678118655));
#2514=DIRECTION('',(0.999999999999986,1.63912778461395E-7,0.));
#2515=DIRECTION('center_axis',(-0.999999999999987,-1.63912776685038E-7,
0.));
#2516=DIRECTION('ref_axis',(-1.63912776685038E-7,0.999999999999987,0.));
#2517=DIRECTION('',(-0.999999999999986,-1.63912778461395E-7,0.));
#2518=DIRECTION('center_axis',(0.707106723234629,0.707106839138462,0.));
#2519=DIRECTION('ref_axis',(-0.707106839138462,0.707106723234629,0.));
#2520=DIRECTION('center_axis',(1.,0.,0.));
#2521=DIRECTION('ref_axis',(0.,0.707106781186546,-0.707106781186549));
#2522=DIRECTION('',(-1.,0.,0.));
#2523=DIRECTION('',(1.,0.,0.));
#2524=DIRECTION('center_axis',(1.77635686851701E-15,1.,0.));
#2525=DIRECTION('ref_axis',(-0.707106781186553,0.,-0.707106781186542));
#2526=DIRECTION('',(1.77635686851701E-15,1.,0.));
#2527=DIRECTION('',(-1.77635686851701E-15,-1.,0.));
#2528=DIRECTION('center_axis',(-0.382683432365072,0.923879532511294,0.));
#2529=DIRECTION('ref_axis',(-0.923879532511294,-0.382683432365072,0.));
#2530=DIRECTION('center_axis',(0.,0.,1.));
#2531=DIRECTION('ref_axis',(1.,0.,0.));
#2532=DIRECTION('center_axis',(0.,0.,1.));
#2533=DIRECTION('ref_axis',(1.06477486592345E-7,-0.999999999999994,0.));
#2534=DIRECTION('center_axis',(-1.06477484607124E-7,-0.999999999999994,
0.));
#2535=DIRECTION('ref_axis',(-0.999999999999994,1.06477484607124E-7,0.));
#2536=DIRECTION('center_axis',(0.,0.,-1.));
#2537=DIRECTION('ref_axis',(0.707106781186546,-0.707106781186549,0.));
#2538=DIRECTION('center_axis',(0.,1.,0.));
#2539=DIRECTION('ref_axis',(-0.707106781186553,0.,-0.707106781186542));
#2540=DIRECTION('',(0.,-1.,0.));
#2541=DIRECTION('',(1.1842378929335E-14,1.,0.));
#2542=DIRECTION('',(0.,1.,0.));
#2543=DIRECTION('center_axis',(-0.707106781186548,0.707106781186548,0.));
#2544=DIRECTION('ref_axis',(-0.5,-0.5,-0.707106781186548));
#2545=DIRECTION('',(-0.707106781186548,0.707106781186548,0.));
#2546=DIRECTION('',(0.707106781186548,-0.707106781186548,0.));
#2547=DIRECTION('center_axis',(-0.923879532511286,0.382683432365092,0.));
#2548=DIRECTION('ref_axis',(-0.382683432365092,-0.923879532511286,0.));
#2549=DIRECTION('center_axis',(-1.,0.,0.));
#2550=DIRECTION('ref_axis',(0.,-0.70710678118654,-0.707106781186555));
#2551=DIRECTION('',(-1.,0.,0.));
#2552=DIRECTION('',(1.,0.,0.));
#2553=DIRECTION('center_axis',(-1.,0.,0.));
#2554=DIRECTION('ref_axis',(0.,1.,0.));
#2555=DIRECTION('',(0.,0.,-1.));
#2556=DIRECTION('',(0.,1.,0.));
#2557=DIRECTION('',(0.,0.,-1.));
#2558=DIRECTION('',(0.,-1.,0.));
#2559=DIRECTION('',(0.,0.,-1.));
#2560=DIRECTION('center_axis',(0.,1.,0.));
#2561=DIRECTION('ref_axis',(1.,0.,0.));
#2562=DIRECTION('',(0.,0.,-1.));
#2563=DIRECTION('',(1.,0.,0.));
#2564=DIRECTION('center_axis',(-1.63912778461395E-7,0.999999999999987,0.));
#2565=DIRECTION('ref_axis',(0.999999999999986,1.63912778461395E-7,0.));
#2566=DIRECTION('',(0.,0.,-1.));
#2567=DIRECTION('',(0.999999999999986,1.63912778461395E-7,0.));
#2568=DIRECTION('center_axis',(0.,0.,-1.));
#2569=DIRECTION('ref_axis',(-1.,0.,0.));
#2570=DIRECTION('center_axis',(1.,0.,0.));
#2571=DIRECTION('ref_axis',(0.,-1.,0.));
#2572=DIRECTION('',(0.,0.,-1.));
#2573=DIRECTION('',(0.,1.,0.));
#2574=DIRECTION('',(0.,0.,-1.));
#2575=DIRECTION('',(0.,-1.,0.));
#2576=DIRECTION('',(0.,0.,1.));
#2577=DIRECTION('center_axis',(0.,1.,0.));
#2578=DIRECTION('ref_axis',(1.,0.,0.));
#2579=DIRECTION('',(1.,0.,0.));
#2580=DIRECTION('',(0.,0.,-1.));
#2581=DIRECTION('center_axis',(-0.00642707736344276,0.999979346124991,0.));
#2582=DIRECTION('ref_axis',(0.999979346124991,0.00642707736344276,0.));
#2583=DIRECTION('',(0.999979346124991,0.00642707736344276,0.));
#2584=DIRECTION('',(0.999979346124991,0.00642707736344276,0.));
#2585=DIRECTION('',(0.,0.,-1.));
#2586=DIRECTION('center_axis',(-0.00642707736344276,0.999979346124991,0.));
#2587=DIRECTION('ref_axis',(0.999979346124991,0.00642707736344276,0.));
#2588=DIRECTION('',(0.999979346124991,0.00642707736344276,0.));
#2589=DIRECTION('',(0.,0.,-1.));
#2590=DIRECTION('',(0.999979346124991,0.00642707736344276,0.));
#2591=DIRECTION('center_axis',(-0.999979346124991,-0.00642707736344274,
0.));
#2592=DIRECTION('ref_axis',(-0.00642707736344274,0.999979346124991,0.));
#2593=DIRECTION('',(-0.00642707736344274,0.999979346124991,0.));
#2594=DIRECTION('',(0.,0.,-1.));
#2595=DIRECTION('',(-0.00642707736344274,0.999979346124991,0.));
#2596=DIRECTION('',(0.,0.,-1.));
#2597=DIRECTION('center_axis',(-0.734771724166625,-0.678314464953538,0.));
#2598=DIRECTION('ref_axis',(-0.678314464953538,0.734771724166625,0.));
#2599=DIRECTION('',(-0.678314464953538,0.734771724166625,0.));
#2600=DIRECTION('',(0.,0.,-1.));
#2601=DIRECTION('',(-0.678314464953538,0.734771724166625,0.));
#2602=DIRECTION('center_axis',(0.,0.,1.));
#2603=DIRECTION('ref_axis',(1.,0.,0.));
#2604=DIRECTION('',(0.707106781186544,0.707106781186551,0.));
#2605=DIRECTION('',(-0.707106781187184,0.707106781185911,0.));
#2606=DIRECTION('center_axis',(0.,0.,-1.));
#2607=DIRECTION('ref_axis',(-0.707106882451572,-0.707106679921509,0.));
#2608=DIRECTION('',(-1.,-3.42583104741477E-14,0.));
#2609=DIRECTION('center_axis',(0.,0.,-1.));
#2610=DIRECTION('ref_axis',(-3.67425022841832E-8,-0.999999999999999,0.));
#2611=DIRECTION('',(-0.707106781185197,-0.707106781187898,0.));
#2612=DIRECTION('center_axis',(0.,0.,-1.));
#2613=DIRECTION('ref_axis',(0.707106679906516,-0.707106882466564,0.));
#2614=DIRECTION('',(8.10323620207478E-16,-1.,0.));
#2615=DIRECTION('center_axis',(0.,0.,-1.));
#2616=DIRECTION('ref_axis',(0.999999999999994,1.06477493253683E-7,0.));
#2617=DIRECTION('',(1.,0.,0.));
#2618=DIRECTION('center_axis',(0.,1.,0.));
#2619=DIRECTION('ref_axis',(1.,0.,0.));
#2620=DIRECTION('',(1.,0.,0.));
#2621=DIRECTION('',(1.,0.,0.));
#2622=DIRECTION('',(0.,0.,-1.));
#2623=DIRECTION('center_axis',(-0.707106781186548,0.707106781186548,0.));
#2624=DIRECTION('ref_axis',(0.707106781186547,0.707106781186547,0.));
#2625=DIRECTION('',(0.707106781186548,0.707106781186548,0.));
#2626=DIRECTION('',(0.,0.,-1.));
#2627=DIRECTION('',(0.707106781186548,0.707106781186548,0.));
#2628=DIRECTION('',(0.,0.,-1.));
#2629=DIRECTION('',(0.707106781186548,0.707106781186548,0.));
#2630=DIRECTION('center_axis',(0.,0.,-1.));
#2631=DIRECTION('ref_axis',(-0.70710667991404,-0.70710688245904,0.));
#2632=DIRECTION('center_axis',(0.,0.,-1.));
#2633=DIRECTION('ref_axis',(-0.70710667991404,-0.70710688245904,0.));
#2634=DIRECTION('',(0.,0.,-1.));
#2635=DIRECTION('center_axis',(0.,0.,-1.));
#2636=DIRECTION('ref_axis',(-0.70710667991404,-0.70710688245904,0.));
#2637=DIRECTION('',(0.,0.,-1.));
#2638=DIRECTION('center_axis',(0.,0.,-1.));
#2639=DIRECTION('ref_axis',(-0.70710667991404,-0.70710688245904,0.));
#2640=DIRECTION('center_axis',(0.,0.,1.));
#2641=DIRECTION('ref_axis',(1.,0.,0.));
#2642=DIRECTION('',(-0.707106781186548,0.707106781186548,0.));
#2643=DIRECTION('center_axis',(0.,0.,1.));
#2644=DIRECTION('ref_axis',(1.,0.,0.));
#2645=DIRECTION('',(0.,1.,0.));
#2646=DIRECTION('center_axis',(0.,0.,1.));
#2647=DIRECTION('ref_axis',(1.,0.,0.));
#2648=DIRECTION('',(1.,0.,0.));
#2649=DIRECTION('center_axis',(0.,0.,1.));
#2650=DIRECTION('ref_axis',(1.,0.,0.));
#2651=DIRECTION('center_axis',(-0.707106781186548,-0.707106781186548,0.));
#2652=DIRECTION('ref_axis',(-0.707106781186547,0.707106781186547,0.));
#2653=DIRECTION('',(-0.707106781186548,0.707106781186548,0.));
#2654=DIRECTION('',(0.,0.,-1.));
#2655=DIRECTION('center_axis',(0.707106781186548,-0.707106781186548,0.));
#2656=DIRECTION('ref_axis',(-0.707106781186547,-0.707106781186547,0.));
#2657=DIRECTION('',(-0.707106781186548,-0.707106781186548,0.));
#2658=DIRECTION('',(0.,0.,-1.));
#2659=DIRECTION('',(0.,0.,-1.));
#2660=DIRECTION('center_axis',(0.,0.,-1.));
#2661=DIRECTION('ref_axis',(0.70710688245904,-0.70710667991404,0.));
#2662=DIRECTION('center_axis',(0.,0.,-1.));
#2663=DIRECTION('ref_axis',(0.70710688245904,-0.70710667991404,0.));
#2664=DIRECTION('',(0.,0.,-1.));
#2665=DIRECTION('center_axis',(0.,-1.,0.));
#2666=DIRECTION('ref_axis',(-1.,0.,0.));
#2667=DIRECTION('',(-1.,0.,0.));
#2668=DIRECTION('',(0.,0.,-1.));
#2669=DIRECTION('center_axis',(0.,0.,-1.));
#2670=DIRECTION('ref_axis',(3.674294104443E-8,-0.999999999999999,0.));
#2671=DIRECTION('center_axis',(0.,0.,-1.));
#2672=DIRECTION('ref_axis',(3.674294104443E-8,-0.999999999999999,0.));
#2673=DIRECTION('center_axis',(-1.,0.,0.));
#2674=DIRECTION('ref_axis',(0.,1.,0.));
#2675=DIRECTION('',(0.,1.,0.));
#2676=DIRECTION('center_axis',(0.,1.,0.));
#2677=DIRECTION('ref_axis',(1.,0.,0.));
#2678=DIRECTION('',(1.,0.,0.));
#2679=DIRECTION('center_axis',(0.,0.,-1.));
#2680=DIRECTION('ref_axis',(0.999999999999999,3.674292683357E-8,0.));
#2681=DIRECTION('center_axis',(0.,0.,-1.));
#2682=DIRECTION('ref_axis',(0.999999999999999,3.674292683357E-8,0.));
#2683=DIRECTION('',(0.,0.,-1.));
#2684=DIRECTION('center_axis',(1.,0.,0.));
#2685=DIRECTION('ref_axis',(0.,-1.,0.));
#2686=DIRECTION('',(0.,-1.,0.));
#2687=DIRECTION('',(0.,0.,-1.));
#2688=DIRECTION('center_axis',(0.,0.,-1.));
#2689=DIRECTION('ref_axis',(1.06477531889399E-7,0.999999999999994,0.));
#2690=DIRECTION('center_axis',(0.,0.,-1.));
#2691=DIRECTION('ref_axis',(1.06477531889399E-7,0.999999999999994,0.));
#2692=DIRECTION('center_axis',(-0.707106781186548,-0.707106781186548,0.));
#2693=DIRECTION('ref_axis',(-0.707106781186548,0.707106781186548,0.));
#2694=DIRECTION('',(0.,0.,-1.));
#2695=DIRECTION('',(-0.707106781186548,0.707106781186548,0.));
#2696=DIRECTION('',(0.,0.,-1.));
#2697=DIRECTION('center_axis',(0.,-1.,0.));
#2698=DIRECTION('ref_axis',(-1.,0.,0.));
#2699=DIRECTION('',(0.,0.,-1.));
#2700=DIRECTION('',(-1.,0.,0.));
#2701=DIRECTION('center_axis',(0.735699299286931,-0.677308305743196,0.));
#2702=DIRECTION('ref_axis',(-0.677308305743196,-0.735699299286931,0.));
#2703=DIRECTION('',(0.,0.,-1.));
#2704=DIRECTION('',(-0.677308305743196,-0.735699299286931,0.));
#2705=DIRECTION('center_axis',(1.,0.,0.));
#2706=DIRECTION('ref_axis',(0.,-1.,0.));
#2707=DIRECTION('',(0.,-1.,0.));
#2708=DIRECTION('center_axis',(-1.,1.77635686851701E-15,0.));
#2709=DIRECTION('ref_axis',(1.77635686851701E-15,1.,0.));
#2710=DIRECTION('',(1.77635686851701E-15,1.,0.));
#2711=DIRECTION('center_axis',(0.,0.,1.));
#2712=DIRECTION('ref_axis',(1.,0.,0.));
#2713=DIRECTION('axis',(0.,0.,1.));
#2714=DIRECTION('refdir',(1.,0.,0.));
#2715=DIRECTION('center_axis',(0.,0.,1.));
#2716=DIRECTION('ref_axis',(-0.382683432365087,-0.923879532511288,0.));
#2717=DIRECTION('center_axis',(0.,0.,1.));
#2718=DIRECTION('ref_axis',(-0.382683432365087,-0.923879532511288,0.));
#2719=DIRECTION('',(0.,0.,1.));
#2720=DIRECTION('center_axis',(0.,0.,-1.));
#2721=DIRECTION('ref_axis',(0.,-1.,0.));
#2722=DIRECTION('',(0.,0.,-1.));
#2723=DIRECTION('center_axis',(1.,0.,0.));
#2724=DIRECTION('ref_axis',(0.,-0.70710678118654,0.707106781186555));
#2725=DIRECTION('center_axis',(1.,0.,0.));
#2726=DIRECTION('ref_axis',(0.,0.,1.));
#2727=DIRECTION('',(1.,0.,0.));
#2728=DIRECTION('center_axis',(-1.,0.,0.));
#2729=DIRECTION('ref_axis',(0.,-1.,0.));
#2730=DIRECTION('',(-1.,0.,0.));
#2731=DIRECTION('center_axis',(-0.941663177664655,0.290400099340411,-0.170112439679123));
#2732=DIRECTION('ref_axis',(-0.33655677059079,-0.812519920068739,0.47596314947797));
#2733=DIRECTION('center_axis',(0.707106781186548,-0.707106781186548,0.));
#2734=DIRECTION('ref_axis',(-0.500000000000003,-0.500000000000003,0.707106781186543));
#2735=DIRECTION('center_axis',(0.,0.,1.));
#2736=DIRECTION('ref_axis',(0.400369795750436,-0.916353658065899,0.));
#2737=DIRECTION('center_axis',(0.,0.,1.));
#2738=DIRECTION('ref_axis',(0.400369795750436,-0.916353658065899,0.));
#2739=DIRECTION('',(0.,0.,1.));
#2740=DIRECTION('center_axis',(0.,0.,-1.));
#2741=DIRECTION('ref_axis',(0.733760653830042,-0.679408053301482,0.));
#2742=DIRECTION('',(0.,0.,-1.));
#2743=DIRECTION('center_axis',(-0.936204648509631,-0.301975223423327,0.179810512894517));
#2744=DIRECTION('ref_axis',(0.351455340134352,-0.804399807371187,0.478978176739029));
#2745=DIRECTION('center_axis',(-0.679408053301476,-0.733760653830048,0.));
#2746=DIRECTION('ref_axis',(0.518847134091093,-0.480414041682223,0.707106781186555));
#2747=DIRECTION('center_axis',(-0.707106781186548,-0.707106781186548,0.));
#2748=DIRECTION('ref_axis',(0.707106781186548,-0.707106781186548,0.));
#2749=DIRECTION('',(0.707106781186548,-0.707106781186548,0.));
#2750=DIRECTION('',(0.,0.,1.));
#2751=DIRECTION('',(-0.707106781186548,0.707106781186548,0.));
#2752=DIRECTION('center_axis',(0.707106781186548,-0.707106781186548,0.));
#2753=DIRECTION('ref_axis',(-0.499999999999999,-0.499999999999999,0.707106781186548));
#2754=DIRECTION('',(-0.707106781186548,0.707106781186548,0.));
#2755=DIRECTION('center_axis',(0.382683432365092,-0.923879532511286,0.));
#2756=DIRECTION('ref_axis',(-0.923879532511286,-0.382683432365091,0.));
#2757=DIRECTION('center_axis',(0.,0.,1.));
#2758=DIRECTION('ref_axis',(1.,0.,0.));
#2759=DIRECTION('',(-0.679408053301476,-0.733760653830048,0.));
#2760=DIRECTION('',(0.,-1.,0.));
#2761=DIRECTION('',(-1.,0.,0.));
#2762=DIRECTION('',(0.,-1.,0.));
#2763=DIRECTION('center_axis',(0.,0.,-1.));
#2764=DIRECTION('ref_axis',(0.144922417541556,-0.989443021549958,0.));
#2765=DIRECTION('',(-0.99999950445486,-0.000995535049449116,0.));
#2766=DIRECTION('center_axis',(0.,0.,-1.));
#2767=DIRECTION('ref_axis',(-0.989435189953087,-0.144975876898536,0.));
#2768=DIRECTION('',(0.,1.,0.));
#2769=DIRECTION('',(-1.,0.,0.));
#2770=DIRECTION('',(0.,1.,0.));
#2771=DIRECTION('',(0.,-1.,0.));
#2772=DIRECTION('',(-1.,0.,0.));
#2773=DIRECTION('',(0.,1.,0.));
#2774=DIRECTION('',(1.,0.,0.));
#2775=DIRECTION('',(0.,-1.,0.));
#2776=DIRECTION('',(-1.,0.,0.));
#2777=DIRECTION('',(0.,1.,0.));
#2778=DIRECTION('',(1.,0.,0.));
#2779=DIRECTION('',(0.,-1.,0.));
#2780=DIRECTION('',(-1.,0.,0.));
#2781=DIRECTION('',(0.,1.,0.));
#2782=DIRECTION('',(1.,0.,0.));
#2783=DIRECTION('',(0.,-1.,0.));
#2784=DIRECTION('',(-1.,0.,0.));
#2785=DIRECTION('',(0.,1.,0.));
#2786=DIRECTION('',(1.,0.,0.));
#2787=DIRECTION('',(0.,-1.,0.));
#2788=DIRECTION('',(-1.,0.,0.));
#2789=DIRECTION('',(0.,1.,0.));
#2790=DIRECTION('',(1.,0.,0.));
#2791=DIRECTION('',(0.,-1.,0.));
#2792=DIRECTION('',(-1.,0.,0.));
#2793=DIRECTION('',(0.,1.,0.));
#2794=DIRECTION('',(1.,0.,0.));
#2795=DIRECTION('',(0.,-1.,0.));
#2796=DIRECTION('',(-1.,0.,0.));
#2797=DIRECTION('',(0.,1.,0.));
#2798=DIRECTION('',(1.,0.,0.));
#2799=DIRECTION('',(0.,-1.,0.));
#2800=DIRECTION('',(-1.,0.,0.));
#2801=DIRECTION('',(0.,1.,0.));
#2802=DIRECTION('',(1.,0.,0.));
#2803=DIRECTION('',(0.,-1.,0.));
#2804=DIRECTION('',(-1.,0.,0.));
#2805=DIRECTION('',(0.,1.,0.));
#2806=DIRECTION('',(1.,0.,0.));
#2807=DIRECTION('',(0.,-1.,0.));
#2808=DIRECTION('',(-1.,0.,0.));
#2809=DIRECTION('',(0.,1.,0.));
#2810=DIRECTION('',(1.,0.,0.));
#2811=DIRECTION('',(0.,-1.,0.));
#2812=DIRECTION('',(-1.,0.,0.));
#2813=DIRECTION('',(0.,1.,0.));
#2814=DIRECTION('',(1.,0.,0.));
#2815=DIRECTION('center_axis',(0.679408053301476,0.733760653830048,0.));
#2816=DIRECTION('ref_axis',(0.518847134091083,-0.48041404168224,0.707106781186551));
#2817=DIRECTION('',(0.679408053301476,0.733760653830048,0.));
#2818=DIRECTION('center_axis',(0.364855688026076,0.931064083140908,0.));
#2819=DIRECTION('ref_axis',(0.931064083140908,-0.364855688026076,0.));
#2820=DIRECTION('center_axis',(0.733760653830048,-0.679408053301476,0.));
#2821=DIRECTION('ref_axis',(0.679408053301476,0.733760653830048,0.));
#2822=DIRECTION('',(-0.679408053301476,-0.733760653830048,0.));
#2823=DIRECTION('',(0.,0.,1.));
#2824=DIRECTION('center_axis',(0.,1.,0.));
#2825=DIRECTION('ref_axis',(0.707106781186553,0.,0.707106781186543));
#2826=DIRECTION('',(0.,1.,0.));
#2827=DIRECTION('center_axis',(0.,-1.,0.));
#2828=DIRECTION('ref_axis',(0.707106781186553,0.,0.707106781186543));
#2829=DIRECTION('center_axis',(0.,-1.,0.));
#2830=DIRECTION('ref_axis',(1.,0.,0.));
#2831=DIRECTION('',(-1.,0.,0.));
#2832=DIRECTION('center_axis',(0.,-1.,0.));
#2833=DIRECTION('ref_axis',(-0.70710678118654,0.,0.707106781186555));
#2834=DIRECTION('center_axis',(0.,-1.,0.));
#2835=DIRECTION('ref_axis',(-0.70710678118654,0.,0.707106781186555));
#2836=DIRECTION('',(0.,-1.,0.));
#2837=DIRECTION('center_axis',(1.,0.,0.));
#2838=DIRECTION('ref_axis',(0.,-1.,0.));
#2839=DIRECTION('',(0.,0.,-1.));
#2840=DIRECTION('',(0.,1.,0.));
#2841=DIRECTION('',(0.,0.,-1.));
#2842=DIRECTION('center_axis',(0.,1.,0.));
#2843=DIRECTION('ref_axis',(1.,0.,0.));
#2844=DIRECTION('',(0.,0.,-1.));
#2845=DIRECTION('',(-1.,0.,0.));
#2846=DIRECTION('center_axis',(-1.,0.,0.));
#2847=DIRECTION('ref_axis',(0.,1.,0.));
#2848=DIRECTION('',(0.,0.,-1.));
#2849=DIRECTION('',(0.,-1.,0.));
#2850=DIRECTION('center_axis',(0.,-1.,0.));
#2851=DIRECTION('ref_axis',(-1.,0.,0.));
#2852=DIRECTION('',(1.,0.,0.));
#2853=DIRECTION('center_axis',(1.,0.,0.));
#2854=DIRECTION('ref_axis',(0.,-1.,0.));
#2855=DIRECTION('',(0.,0.,-1.));
#2856=DIRECTION('',(0.,1.,0.));
#2857=DIRECTION('',(0.,0.,-1.));
#2858=DIRECTION('center_axis',(0.,1.,0.));
#2859=DIRECTION('ref_axis',(1.,0.,0.));
#2860=DIRECTION('',(0.,0.,-1.));
#2861=DIRECTION('',(-1.,0.,0.));
#2862=DIRECTION('center_axis',(-1.,0.,0.));
#2863=DIRECTION('ref_axis',(0.,1.,0.));
#2864=DIRECTION('',(0.,0.,-1.));
#2865=DIRECTION('',(0.,-1.,0.));
#2866=DIRECTION('center_axis',(0.,-1.,0.));
#2867=DIRECTION('ref_axis',(-1.,0.,0.));
#2868=DIRECTION('',(1.,0.,0.));
#2869=DIRECTION('center_axis',(1.,0.,0.));
#2870=DIRECTION('ref_axis',(0.,-1.,0.));
#2871=DIRECTION('',(0.,0.,-1.));
#2872=DIRECTION('',(0.,1.,0.));
#2873=DIRECTION('',(0.,0.,-1.));
#2874=DIRECTION('center_axis',(0.,1.,0.));
#2875=DIRECTION('ref_axis',(1.,0.,0.));
#2876=DIRECTION('',(0.,0.,-1.));
#2877=DIRECTION('',(-1.,0.,0.));
#2878=DIRECTION('center_axis',(-1.,0.,0.));
#2879=DIRECTION('ref_axis',(0.,1.,0.));
#2880=DIRECTION('',(0.,0.,-1.));
#2881=DIRECTION('',(0.,-1.,0.));
#2882=DIRECTION('center_axis',(0.,-1.,0.));
#2883=DIRECTION('ref_axis',(-1.,0.,0.));
#2884=DIRECTION('',(1.,0.,0.));
#2885=DIRECTION('center_axis',(1.,0.,0.));
#2886=DIRECTION('ref_axis',(0.,-1.,0.));
#2887=DIRECTION('',(0.,0.,-1.));
#2888=DIRECTION('',(0.,1.,0.));
#2889=DIRECTION('',(0.,0.,-1.));
#2890=DIRECTION('center_axis',(0.,1.,0.));
#2891=DIRECTION('ref_axis',(1.,0.,0.));
#2892=DIRECTION('',(0.,0.,-1.));
#2893=DIRECTION('',(-1.,0.,0.));
#2894=DIRECTION('center_axis',(-1.,0.,0.));
#2895=DIRECTION('ref_axis',(0.,1.,0.));
#2896=DIRECTION('',(0.,0.,-1.));
#2897=DIRECTION('',(0.,-1.,0.));
#2898=DIRECTION('center_axis',(0.,-1.,0.));
#2899=DIRECTION('ref_axis',(-1.,0.,0.));
#2900=DIRECTION('',(1.,0.,0.));
#2901=DIRECTION('center_axis',(1.,0.,0.));
#2902=DIRECTION('ref_axis',(0.,-1.,0.));
#2903=DIRECTION('',(0.,0.,-1.));
#2904=DIRECTION('',(0.,1.,0.));
#2905=DIRECTION('',(0.,0.,-1.));
#2906=DIRECTION('center_axis',(0.,1.,0.));
#2907=DIRECTION('ref_axis',(1.,0.,0.));
#2908=DIRECTION('',(0.,0.,-1.));
#2909=DIRECTION('',(-1.,0.,0.));
#2910=DIRECTION('center_axis',(-1.,0.,0.));
#2911=DIRECTION('ref_axis',(0.,1.,0.));
#2912=DIRECTION('',(0.,0.,-1.));
#2913=DIRECTION('',(0.,-1.,0.));
#2914=DIRECTION('center_axis',(0.,-1.,0.));
#2915=DIRECTION('ref_axis',(-1.,0.,0.));
#2916=DIRECTION('',(1.,0.,0.));
#2917=DIRECTION('center_axis',(1.,0.,0.));
#2918=DIRECTION('ref_axis',(0.,-1.,0.));
#2919=DIRECTION('',(0.,0.,-1.));
#2920=DIRECTION('',(0.,1.,0.));
#2921=DIRECTION('',(0.,0.,-1.));
#2922=DIRECTION('center_axis',(0.,1.,0.));
#2923=DIRECTION('ref_axis',(1.,0.,0.));
#2924=DIRECTION('',(0.,0.,-1.));
#2925=DIRECTION('',(-1.,0.,0.));
#2926=DIRECTION('center_axis',(-1.,0.,0.));
#2927=DIRECTION('ref_axis',(0.,1.,0.));
#2928=DIRECTION('',(0.,0.,-1.));
#2929=DIRECTION('',(0.,-1.,0.));
#2930=DIRECTION('center_axis',(0.,-1.,0.));
#2931=DIRECTION('ref_axis',(-1.,0.,0.));
#2932=DIRECTION('',(1.,0.,0.));
#2933=DIRECTION('center_axis',(1.,0.,0.));
#2934=DIRECTION('ref_axis',(0.,-1.,0.));
#2935=DIRECTION('',(0.,0.,-1.));
#2936=DIRECTION('',(0.,1.,0.));
#2937=DIRECTION('',(0.,0.,-1.));
#2938=DIRECTION('center_axis',(0.,1.,0.));
#2939=DIRECTION('ref_axis',(1.,0.,0.));
#2940=DIRECTION('',(0.,0.,-1.));
#2941=DIRECTION('',(-1.,0.,0.));
#2942=DIRECTION('center_axis',(-1.,0.,0.));
#2943=DIRECTION('ref_axis',(0.,1.,0.));
#2944=DIRECTION('',(0.,0.,-1.));
#2945=DIRECTION('',(0.,-1.,0.));
#2946=DIRECTION('center_axis',(0.,-1.,0.));
#2947=DIRECTION('ref_axis',(-1.,0.,0.));
#2948=DIRECTION('',(1.,0.,0.));
#2949=DIRECTION('center_axis',(1.,0.,0.));
#2950=DIRECTION('ref_axis',(0.,-1.,0.));
#2951=DIRECTION('',(0.,0.,-1.));
#2952=DIRECTION('',(0.,1.,0.));
#2953=DIRECTION('',(0.,0.,-1.));
#2954=DIRECTION('center_axis',(0.,1.,0.));
#2955=DIRECTION('ref_axis',(1.,0.,0.));
#2956=DIRECTION('',(0.,0.,-1.));
#2957=DIRECTION('',(-1.,0.,0.));
#2958=DIRECTION('center_axis',(-1.,0.,0.));
#2959=DIRECTION('ref_axis',(0.,1.,0.));
#2960=DIRECTION('',(0.,0.,-1.));
#2961=DIRECTION('',(0.,-1.,0.));
#2962=DIRECTION('center_axis',(0.,-1.,0.));
#2963=DIRECTION('ref_axis',(-1.,0.,0.));
#2964=DIRECTION('',(1.,0.,0.));
#2965=DIRECTION('center_axis',(1.,0.,0.));
#2966=DIRECTION('ref_axis',(0.,-1.,0.));
#2967=DIRECTION('',(0.,0.,-1.));
#2968=DIRECTION('',(0.,1.,0.));
#2969=DIRECTION('',(0.,0.,-1.));
#2970=DIRECTION('center_axis',(0.,1.,0.));
#2971=DIRECTION('ref_axis',(1.,0.,0.));
#2972=DIRECTION('',(0.,0.,-1.));
#2973=DIRECTION('',(-1.,0.,0.));
#2974=DIRECTION('center_axis',(-1.,0.,0.));
#2975=DIRECTION('ref_axis',(0.,1.,0.));
#2976=DIRECTION('',(0.,0.,-1.));
#2977=DIRECTION('',(0.,-1.,0.));
#2978=DIRECTION('center_axis',(0.,-1.,0.));
#2979=DIRECTION('ref_axis',(-1.,0.,0.));
#2980=DIRECTION('',(1.,0.,0.));
#2981=DIRECTION('center_axis',(1.,0.,0.));
#2982=DIRECTION('ref_axis',(0.,-1.,0.));
#2983=DIRECTION('',(0.,0.,-1.));
#2984=DIRECTION('',(0.,1.,0.));
#2985=DIRECTION('',(0.,0.,-1.));
#2986=DIRECTION('center_axis',(0.,1.,0.));
#2987=DIRECTION('ref_axis',(1.,0.,0.));
#2988=DIRECTION('',(0.,0.,-1.));
#2989=DIRECTION('',(-1.,0.,0.));
#2990=DIRECTION('center_axis',(-1.,0.,0.));
#2991=DIRECTION('ref_axis',(0.,1.,0.));
#2992=DIRECTION('',(0.,0.,-1.));
#2993=DIRECTION('',(0.,-1.,0.));
#2994=DIRECTION('center_axis',(0.,-1.,0.));
#2995=DIRECTION('ref_axis',(-1.,0.,0.));
#2996=DIRECTION('',(1.,0.,0.));
#2997=DIRECTION('center_axis',(1.,0.,0.));
#2998=DIRECTION('ref_axis',(0.,-1.,0.));
#2999=DIRECTION('',(0.,0.,-1.));
#3000=DIRECTION('',(0.,1.,0.));
#3001=DIRECTION('',(0.,0.,-1.));
#3002=DIRECTION('center_axis',(0.,1.,0.));
#3003=DIRECTION('ref_axis',(1.,0.,0.));
#3004=DIRECTION('',(0.,0.,-1.));
#3005=DIRECTION('',(-1.,0.,0.));
#3006=DIRECTION('center_axis',(-1.,0.,0.));
#3007=DIRECTION('ref_axis',(0.,1.,0.));
#3008=DIRECTION('',(0.,0.,-1.));
#3009=DIRECTION('',(0.,-1.,0.));
#3010=DIRECTION('center_axis',(0.,-1.,0.));
#3011=DIRECTION('ref_axis',(-1.,0.,0.));
#3012=DIRECTION('',(1.,0.,0.));
#3013=DIRECTION('center_axis',(-1.,0.,0.));
#3014=DIRECTION('ref_axis',(0.,-1.,0.));
#3015=DIRECTION('',(0.,1.,0.));
#3016=DIRECTION('',(0.,0.,1.));
#3017=DIRECTION('',(0.,0.,1.));
#3018=DIRECTION('center_axis',(0.,1.,0.));
#3019=DIRECTION('ref_axis',(-1.,0.,0.));
#3020=DIRECTION('',(0.,0.,1.));
#3021=DIRECTION('',(1.,0.,0.));
#3022=DIRECTION('center_axis',(1.,0.,0.));
#3023=DIRECTION('ref_axis',(0.,1.,0.));
#3024=DIRECTION('',(0.,-1.,0.));
#3025=DIRECTION('center_axis',(-1.,0.,0.));
#3026=DIRECTION('ref_axis',(0.,-1.,0.));
#3027=DIRECTION('',(0.,0.,1.));
#3028=DIRECTION('',(0.,1.,0.));
#3029=DIRECTION('center_axis',(0.,1.,0.));
#3030=DIRECTION('ref_axis',(-1.,0.,0.));
#3031=DIRECTION('',(0.,0.,1.));
#3032=DIRECTION('',(1.,0.,0.));
#3033=DIRECTION('center_axis',(1.,0.,0.));
#3034=DIRECTION('ref_axis',(0.,1.,0.));
#3035=DIRECTION('',(0.,-1.,0.));
#3036=DIRECTION('',(0.,0.,1.));
#3037=DIRECTION('center_axis',(0.,0.,1.));
#3038=DIRECTION('ref_axis',(-0.989435189953087,-0.144975876898536,0.));
#3039=DIRECTION('center_axis',(0.,0.,1.));
#3040=DIRECTION('ref_axis',(-0.989435189953087,-0.144975876898536,0.));
#3041=DIRECTION('',(0.,0.,1.));
#3042=DIRECTION('center_axis',(-0.000995535049449116,0.99999950445486,0.));
#3043=DIRECTION('ref_axis',(-0.99999950445486,-0.000995535049449116,0.));
#3044=DIRECTION('',(-0.99999950445486,-0.000995535049449116,0.));
#3045=DIRECTION('',(0.,0.,1.));
#3046=DIRECTION('center_axis',(0.,0.,1.));
#3047=DIRECTION('ref_axis',(0.144922417541556,-0.989443021549958,0.));
#3048=DIRECTION('center_axis',(0.,0.,1.));
#3049=DIRECTION('ref_axis',(0.144922417541556,-0.989443021549958,0.));
#3050=DIRECTION('center_axis',(0.,0.,1.));
#3051=DIRECTION('ref_axis',(1.,0.,0.));
#3052=DIRECTION('',(0.,0.,1.));
#3053=DIRECTION('',(1.,0.,0.));
#3054=DIRECTION('',(0.,0.,1.));
#3055=DIRECTION('',(1.,0.,0.));
#3056=CARTESIAN_POINT('',(0.,0.,0.));
#3057=CARTESIAN_POINT('',(0.,0.,0.));
#3058=CARTESIAN_POINT('Origin',(213.128707975154,-119.26302886369,-4.));
#3059=CARTESIAN_POINT('',(199.561380995511,-134.,-5.));
#3060=CARTESIAN_POINT('',(224.,-107.454518828889,-5.));
#3061=CARTESIAN_POINT('',(213.128707975154,-119.26302886369,-5.));
#3062=CARTESIAN_POINT('',(225.,-107.844740975099,-4.));
#3063=CARTESIAN_POINT('Origin',(224.,-107.454518828889,-4.));
#3064=CARTESIAN_POINT('',(200.,-135.,-4.));
#3065=CARTESIAN_POINT('',(213.864407274441,-119.940337169433,-4.));
#3066=CARTESIAN_POINT('Origin',(199.561380995511,-134.,-4.));
#3067=CARTESIAN_POINT('Origin',(224.,-75.,-4.));
#3068=CARTESIAN_POINT('',(224.,-56.,-5.));
#3069=CARTESIAN_POINT('',(224.,-75.,-5.));
#3070=CARTESIAN_POINT('',(225.,-55.,-4.));
#3071=CARTESIAN_POINT('Origin',(224.,-56.,-4.));
#3072=CARTESIAN_POINT('',(225.,-75.,-4.));
#3073=CARTESIAN_POINT('Origin',(133.75,-56.,-4.));
#3074=CARTESIAN_POINT('',(136.5,-56.,-5.));
#3075=CARTESIAN_POINT('',(133.75,-56.,-5.));
#3076=CARTESIAN_POINT('',(135.5,-55.,-4.));
#3077=CARTESIAN_POINT('Origin',(136.5,-56.,-4.));
#3078=CARTESIAN_POINT('',(133.75,-55.,-4.));
#3079=CARTESIAN_POINT('Origin',(132.418473542429,-78.6765004541048,-4.));
#3080=CARTESIAN_POINT('',(132.495476670927,-63.3999005535765,-5.));
#3081=CARTESIAN_POINT('',(132.489906237736,-64.5050151222602,-5.));
#3082=CARTESIAN_POINT('',(132.418473542429,-78.6765004541048,-5.));
#3083=CARTESIAN_POINT('',(131.494959470642,-63.4999872964512,-4.));
#3084=CARTESIAN_POINT('Origin',(132.489906237736,-64.5050151222602,-4.));
#3085=CARTESIAN_POINT('',(131.5,-62.5,-4.));
#3086=CARTESIAN_POINT('',(131.422288846322,-77.917064549135,-4.));
#3087=CARTESIAN_POINT('Ctrl Pts',(131.5,-62.5,-4.));
#3088=CARTESIAN_POINT('Ctrl Pts',(131.5,-62.5,-4.09373842402158));
#3089=CARTESIAN_POINT('Ctrl Pts',(131.513079219857,-62.5131979691906,-4.18526317485021));
#3090=CARTESIAN_POINT('Ctrl Pts',(131.565833501591,-62.5657269851784,-4.37252678973643));
#3091=CARTESIAN_POINT('Ctrl Pts',(131.608238303889,-62.6076560661634,-4.4635608677852));
#3092=CARTESIAN_POINT('Ctrl Pts',(131.7292869958,-62.7247237613864,-4.65123433481612));
#3093=CARTESIAN_POINT('Ctrl Pts',(131.815280609019,-62.8061416431811,-4.73953197468453));
#3094=CARTESIAN_POINT('Ctrl Pts',(131.994864812813,-62.9706005953779,-4.87094363228258));
#3095=CARTESIAN_POINT('Ctrl Pts',(132.088206492688,-63.0539201044564,-4.91825401302198));
#3096=CARTESIAN_POINT('Ctrl Pts',(132.283750552763,-63.2235646566488,-4.98269074375371));
#3097=CARTESIAN_POINT('Ctrl Pts',(132.387021305862,-63.3107428123476,-4.99952864808617));
#3098=CARTESIAN_POINT('Ctrl Pts',(132.492543408415,-63.3974905002731,-4.99999674631814));
#3099=CARTESIAN_POINT('Ctrl Pts',(132.494009931874,-63.3986956589979,-5.));
#3100=CARTESIAN_POINT('Ctrl Pts',(132.495476670927,-63.3999005535765,-5.));
#3101=CARTESIAN_POINT('Origin',(119.249763922808,-78.610122343426,-4.));
#3102=CARTESIAN_POINT('',(119.321196618115,-64.4386370115813,-5.));
#3103=CARTESIAN_POINT('',(119.327379919117,-63.2119360018612,-5.));
#3104=CARTESIAN_POINT('',(119.249763922808,-78.610122343426,-5.));
#3105=CARTESIAN_POINT('',(120.331264973282,-62.4437029480367,-4.));
#3106=CARTESIAN_POINT('Ctrl Pts',(119.327379919117,-63.2119360018612,-5.));
#3107=CARTESIAN_POINT('Ctrl Pts',(119.328864687951,-63.210893115931,-5.));
#3108=CARTESIAN_POINT('Ctrl Pts',(119.330349292923,-63.2098499957539,-4.9999967166496));
#3109=CARTESIAN_POINT('Ctrl Pts',(119.42846017475,-63.1408917412175,-4.99956284695982));
#3110=CARTESIAN_POINT('Ctrl Pts',(119.524506183957,-63.0718709338262,-4.98523021324794));
#3111=CARTESIAN_POINT('Ctrl Pts',(119.708173093377,-62.9368531928857,-4.93008533088751));
#3112=CARTESIAN_POINT('Ctrl Pts',(119.796313628557,-62.8705112001492,-4.88951466343096));
#3113=CARTESIAN_POINT('Ctrl Pts',(119.97972676963,-62.7294832026726,-4.76958325438664));
#3114=CARTESIAN_POINT('Ctrl Pts',(120.072338949148,-62.6560208713003,-4.68274070738123));
#3115=CARTESIAN_POINT('Ctrl Pts',(120.20691939705,-62.5471306171948,-4.49275421687919));
#3116=CARTESIAN_POINT('Ctrl Pts',(120.255147630384,-62.5072480543741,-4.39736439443939));
#3117=CARTESIAN_POINT('Ctrl Pts',(120.316067460443,-62.4565267055848,-4.19895168430367));
#3118=CARTESIAN_POINT('Ctrl Pts',(120.331264973282,-62.4437029480367,-4.10056018360299));
#3119=CARTESIAN_POINT('Ctrl Pts',(120.331264973282,-62.4437029480367,-4.));
#3120=CARTESIAN_POINT('',(120.326224443924,-63.4436902444879,-4.));
#3121=CARTESIAN_POINT('',(120.253553819604,-77.8607674971717,-4.));
#3122=CARTESIAN_POINT('Origin',(119.321196618115,-64.4386370115813,-4.));
#3123=CARTESIAN_POINT('Origin',(116.000001743436,-76.75,-4.));
#3124=CARTESIAN_POINT('',(117.000001743436,-55.,-4.));
#3125=CARTESIAN_POINT('',(117.,-57.4325142938425,-4.));
#3126=CARTESIAN_POINT('',(117.000001743436,-76.75,-4.));
#3127=CARTESIAN_POINT('',(117.,-58.5,-4.));
#3128=CARTESIAN_POINT('',(117.,-57.,-4.));
#3129=CARTESIAN_POINT('',(116.000001743436,-58.5,-5.));
#3130=CARTESIAN_POINT('Origin',(116.000001743436,-58.5,-4.));
#3131=CARTESIAN_POINT('',(116.000001743436,-56.,-5.));
#3132=CARTESIAN_POINT('',(116.000001743436,-76.75,-5.));
#3133=CARTESIAN_POINT('Origin',(116.000001743436,-56.,-4.));
#3134=CARTESIAN_POINT('Origin',(121.00000042591,-58.49999957409,-4.));
#3135=CARTESIAN_POINT('Origin',(121.00000042591,-58.49999957409,-5.));
#3136=CARTESIAN_POINT('Origin',(121.00000042591,-58.49999957409,-4.));
#3137=CARTESIAN_POINT('Origin',(147.071432695307,-64.5785146681553,-4.));
#3138=CARTESIAN_POINT('',(147.071432695307,-64.5785146681553,-5.));
#3139=CARTESIAN_POINT('',(147.948468894931,-63.5829227473168,-4.));
#3140=CARTESIAN_POINT('Origin',(131.249996885656,-55.9999956972901,-4.));
#3141=CARTESIAN_POINT('',(100.,-55.0000008195639,-4.));
#3142=CARTESIAN_POINT('',(105.,-55.,-4.));
#3143=CARTESIAN_POINT('',(131.249996721744,-54.9999956972901,-4.));
#3144=CARTESIAN_POINT('',(105.000000163913,-56.,-5.));
#3145=CARTESIAN_POINT('Origin',(105.000000163913,-56.,-4.));
#3146=CARTESIAN_POINT('',(101.,-56.0000006556511,-5.));
#3147=CARTESIAN_POINT('',(131.249996885656,-55.9999956972901,-5.));
#3148=CARTESIAN_POINT('Origin',(101.,-56.0000006556511,-4.));
#3149=CARTESIAN_POINT('Origin',(133.75,-56.,-4.));
#3150=CARTESIAN_POINT('',(133.75,-56.,-5.));
#3151=CARTESIAN_POINT('',(133.75,-55.,-4.));
#3152=CARTESIAN_POINT('Origin',(101.,-99.9999999999999,-4.));
#3153=CARTESIAN_POINT('',(100.,-105.,-4.));
#3154=CARTESIAN_POINT('',(100.,-99.9999999999999,-4.));
#3155=CARTESIAN_POINT('',(101.,-104.585786437627,-5.));
#3156=CARTESIAN_POINT('',(101.,-99.9999999999999,-5.));
#3157=CARTESIAN_POINT('Origin',(101.,-104.585786437627,-4.));
#3158=CARTESIAN_POINT('Origin',(131.49999957409,-58.49999957409,-4.));
#3159=CARTESIAN_POINT('',(135.5,-58.5,-4.));
#3160=CARTESIAN_POINT('Origin',(131.49999957409,-58.49999957409,-4.));
#3161=CARTESIAN_POINT('',(136.5,-58.5000001064775,-5.));
#3162=CARTESIAN_POINT('Origin',(136.5,-58.5000001064775,-4.));
#3163=CARTESIAN_POINT('Origin',(131.49999957409,-58.49999957409,-5.));
#3164=CARTESIAN_POINT('Origin',(136.5,-75.0000004097819,-4.));
#3165=CARTESIAN_POINT('',(136.5,-75.0000004097819,-5.));
#3166=CARTESIAN_POINT('',(135.5,-57.3136109068031,-4.));
#3167=CARTESIAN_POINT('',(135.5,-58.5,-4.));
#3168=CARTESIAN_POINT('',(135.5,-75.0000004097819,-4.));
#3169=CARTESIAN_POINT('Origin',(128.832106781187,-132.417893218813,-4.));
#3170=CARTESIAN_POINT('',(130.,-135.,-4.));
#3171=CARTESIAN_POINT('',(128.125,-133.125,-4.));
#3172=CARTESIAN_POINT('',(130.414213562373,-134.,-5.));
#3173=CARTESIAN_POINT('',(128.832106781187,-132.417893218813,-5.));
#3174=CARTESIAN_POINT('Origin',(130.414213562373,-134.,-4.));
#3175=CARTESIAN_POINT('Origin',(181.25,-134.,-4.));
#3176=CARTESIAN_POINT('',(181.25,-135.,-4.));
#3177=CARTESIAN_POINT('',(181.25,-134.,-5.));
#3178=CARTESIAN_POINT('Origin',(117.000001743436,-58.5,0.));
#3179=CARTESIAN_POINT('',(117.000001743436,-55.0000008195639,0.));
#3180=CARTESIAN_POINT('',(117.000001743436,-55.,0.));
#3181=CARTESIAN_POINT('',(117.,-57.,0.));
#3182=CARTESIAN_POINT('',(117.000001743436,-76.75,0.));
#3183=CARTESIAN_POINT('',(117.,-57.,-3.49));
#3184=CARTESIAN_POINT('',(117.,-57.,1.51));
#3185=CARTESIAN_POINT('',(117.,-57.4325142938425,-3.49));
#3186=CARTESIAN_POINT('',(117.,-57.,-3.49));
#3187=CARTESIAN_POINT('',(117.,-57.4325142938425,0.));
#3188=CARTESIAN_POINT('Origin',(105.,-55.,0.));
#3189=CARTESIAN_POINT('',(105.,-55.,0.));
#3190=CARTESIAN_POINT('',(105.,-55.,0.));
#3191=CARTESIAN_POINT('',(105.,-55.,0.));
#3192=CARTESIAN_POINT('Origin',(100.,-55.0000008195639,0.));
#3193=CARTESIAN_POINT('',(100.,-55.0000008195639,0.));
#3194=CARTESIAN_POINT('',(100.,-55.0000008195639,0.));
#3195=CARTESIAN_POINT('',(100.,-55.0000008195639,0.));
#3196=CARTESIAN_POINT('Origin',(162.5,-95.,-5.));
#3197=CARTESIAN_POINT('Origin',(135.5,-55.0000008195639,0.));
#3198=CARTESIAN_POINT('',(135.5,-57.3136109068031,-3.49));
#3199=CARTESIAN_POINT('',(135.5,-57.3136109068031,0.));
#3200=CARTESIAN_POINT('',(135.5,-57.,-3.49));
#3201=CARTESIAN_POINT('',(135.5,-58.5,-3.49));
#3202=CARTESIAN_POINT('',(135.5,-57.,0.));
#3203=CARTESIAN_POINT('',(135.5,-57.,1.51));
#3204=CARTESIAN_POINT('',(135.5,-55.0000008195639,0.));
#3205=CARTESIAN_POINT('',(135.5,-75.0000004097819,0.));
#3206=CARTESIAN_POINT('',(135.5,-55.,0.));
#3207=CARTESIAN_POINT('Origin',(105.,-55.,0.));
#3208=CARTESIAN_POINT('',(225.,-55.,0.));
#3209=CARTESIAN_POINT('',(105.,-55.,0.));
#3210=CARTESIAN_POINT('',(225.,-55.,0.));
#3211=CARTESIAN_POINT('Origin',(135.5,-57.3136109068031,0.));
#3212=CARTESIAN_POINT('',(184.294251537478,-57.,-3.49));
#3213=CARTESIAN_POINT('',(67.9369742727804,-57.7478526688353,-3.49));
#3214=CARTESIAN_POINT('',(184.294251537478,-57.,-4.));
#3215=CARTESIAN_POINT('',(106.5,-57.5,-4.));
#3216=CARTESIAN_POINT('',(184.294251537478,-57.,0.));
#3217=CARTESIAN_POINT('Origin',(107.00323439318,-57.4967656068203,0.));
#3218=CARTESIAN_POINT('',(107.00323439318,-57.4967656068203,-3.49));
#3219=CARTESIAN_POINT('',(53.6885914693703,-57.8394300188439,-3.49));
#3220=CARTESIAN_POINT('',(107.00323439318,-57.4967656068203,-4.));
#3221=CARTESIAN_POINT('',(107.00323439318,-57.4967656068203,0.));
#3222=CARTESIAN_POINT('',(106.5,-57.5,-4.));
#3223=CARTESIAN_POINT('Origin',(106.804481878613,-104.873879706877,0.));
#3224=CARTESIAN_POINT('',(106.804481878613,-104.873879706877,-3.49));
#3225=CARTESIAN_POINT('',(106.503193082443,-57.9968069175566,-3.49));
#3226=CARTESIAN_POINT('',(106.465266666526,-52.0958926380047,-3.49));
#3227=CARTESIAN_POINT('',(106.804481878613,-104.873879706877,-4.));
#3228=CARTESIAN_POINT('',(106.804481878613,-104.873879706877,0.));
#3229=CARTESIAN_POINT('',(106.503193082443,-57.9968069175566,-4.));
#3230=CARTESIAN_POINT('',(106.804481878613,-104.873879706877,-4.));
#3231=CARTESIAN_POINT('',(106.503193082443,-57.9968069175566,0.));
#3232=CARTESIAN_POINT('Origin',(111.978018210255,-110.478018210247,0.));
#3233=CARTESIAN_POINT('',(111.978018210348,-110.478018210348,-3.49));
#3234=CARTESIAN_POINT('',(58.6854169552186,-52.7497836926925,-3.49));
#3235=CARTESIAN_POINT('',(111.978018210255,-110.478018210247,-4.));
#3236=CARTESIAN_POINT('',(111.978018210255,-110.478018210247,0.));
#3237=CARTESIAN_POINT('',(130.,-130.000000000002,-4.));
#3238=CARTESIAN_POINT('Origin',(164.251596541222,-93.5000000000012,-4.));
#3239=CARTESIAN_POINT('',(106.5,-58.,-4.));
#3240=CARTESIAN_POINT('',(130.32842700002,-128.82842699998,-4.));
#3241=CARTESIAN_POINT('',(130.32842700002,-128.82842699998,-4.));
#3242=CARTESIAN_POINT('',(133.156854,-130.000000000002,-4.));
#3243=CARTESIAN_POINT('Origin',(133.15685385302,-126.0000009571,-4.));
#3244=CARTESIAN_POINT('',(196.843146,-130.,-4.));
#3245=CARTESIAN_POINT('',(200.,-130.,-4.));
#3246=CARTESIAN_POINT('',(199.671572999975,-128.828426999975,-4.));
#3247=CARTESIAN_POINT('Origin',(196.84314614697,-126.0000009571,-4.));
#3248=CARTESIAN_POINT('',(220.82842699996,-107.67157299996,-4.));
#3249=CARTESIAN_POINT('',(220.82842699996,-107.67157299996,-4.));
#3250=CARTESIAN_POINT('',(221.999999999991,-104.843146,-4.));
#3251=CARTESIAN_POINT('Origin',(218.00000095714,-104.8431461469,-4.));
#3252=CARTESIAN_POINT('',(222.,-61.,-4.));
#3253=CARTESIAN_POINT('',(222.,-61.,-4.));
#3254=CARTESIAN_POINT('',(218.,-57.,-4.));
#3255=CARTESIAN_POINT('Origin',(217.99999957409,-61.00000042591,-4.));
#3256=CARTESIAN_POINT('',(135.5,-57.,-4.));
#3257=CARTESIAN_POINT('Origin',(135.5,-57.,1.51));
#3258=CARTESIAN_POINT('',(218.,-57.,0.));
#3259=CARTESIAN_POINT('',(149.,-57.,0.));
#3260=CARTESIAN_POINT('',(135.5,-57.,-3.49));
#3261=CARTESIAN_POINT('',(218.,-57.,1.51));
#3262=CARTESIAN_POINT('Origin',(106.5,-58.,1.51));
#3263=CARTESIAN_POINT('',(107.5,-57.,-3.49));
#3264=CARTESIAN_POINT('',(106.5,-58.,-3.49));
#3265=CARTESIAN_POINT('',(107.5,-57.,0.));
#3266=CARTESIAN_POINT('',(107.5,-57.,1.51));
#3267=CARTESIAN_POINT('',(106.5,-58.,0.));
#3268=CARTESIAN_POINT('',(111.25,-53.25,0.));
#3269=CARTESIAN_POINT('',(106.5,-58.,-3.49));
#3270=CARTESIAN_POINT('',(106.5,-58.,1.51));
#3271=CARTESIAN_POINT('',(106.5,-58.,-3.49));
#3272=CARTESIAN_POINT('Origin',(110.49999904285,-103.3431461469,1.51));
#3273=CARTESIAN_POINT('',(106.5,-103.343146,-3.49));
#3274=CARTESIAN_POINT('Origin',(110.49999904285,-103.3431461469,-3.49));
#3275=CARTESIAN_POINT('',(106.5,-103.343146,0.));
#3276=CARTESIAN_POINT('',(106.5,-103.343146,1.51));
#3277=CARTESIAN_POINT('',(107.671573,-106.171573,0.));
#3278=CARTESIAN_POINT('Origin',(110.49999904285,-103.3431461469,0.));
#3279=CARTESIAN_POINT('',(107.671573,-106.171573,-3.49));
#3280=CARTESIAN_POINT('',(107.671573,-106.171573,1.51));
#3281=CARTESIAN_POINT('Origin',(110.49999904285,-103.3431461469,-3.49));
#3282=CARTESIAN_POINT('Origin',(0.,0.,-3.49));
#3283=CARTESIAN_POINT('',(130.328427,-128.828427,-3.49));
#3284=CARTESIAN_POINT('Origin',(0.,0.,-3.49));
#3285=CARTESIAN_POINT('',(106.5,-103.343146,-3.49));
#3286=CARTESIAN_POINT('Origin',(0.,0.,-3.49));
#3287=CARTESIAN_POINT('',(107.5,-57.,-3.49));
#3288=CARTESIAN_POINT('Origin',(0.,0.,-3.49));
#3289=CARTESIAN_POINT('Origin',(130.328427,-128.828427,1.51));
#3290=CARTESIAN_POINT('',(130.328427,-128.828427,0.));
#3291=CARTESIAN_POINT('',(129.9142135,-128.4142135,0.));
#3292=CARTESIAN_POINT('',(130.328427,-128.828427,1.51));
#3293=CARTESIAN_POINT('Origin',(220.828427,-107.671573,1.51));
#3294=CARTESIAN_POINT('',(220.828427,-107.671573,0.));
#3295=CARTESIAN_POINT('',(199.671573,-128.828427,0.));
#3296=CARTESIAN_POINT('',(209.4142135,-119.0857865,0.));
#3297=CARTESIAN_POINT('',(220.828427,-107.671573,1.51));
#3298=CARTESIAN_POINT('',(199.671573,-128.828427,1.51));
#3299=CARTESIAN_POINT('Origin',(196.84314614697,-126.0000009571,1.51));
#3300=CARTESIAN_POINT('',(196.843146,-130.,0.));
#3301=CARTESIAN_POINT('Origin',(196.84314614697,-126.0000009571,0.));
#3302=CARTESIAN_POINT('',(196.843146,-130.,1.51));
#3303=CARTESIAN_POINT('Origin',(196.843146,-130.,1.51));
#3304=CARTESIAN_POINT('',(133.156854,-130.,0.));
#3305=CARTESIAN_POINT('',(179.671573,-130.,0.));
#3306=CARTESIAN_POINT('',(133.156854,-130.,1.51));
#3307=CARTESIAN_POINT('Origin',(133.15685385302,-126.0000009571,1.51));
#3308=CARTESIAN_POINT('Origin',(133.15685385302,-126.0000009571,0.));
#3309=CARTESIAN_POINT('Origin',(106.5,-103.343146,1.51));
#3310=CARTESIAN_POINT('',(106.5,-99.171573,0.));
#3311=CARTESIAN_POINT('Origin',(107.5,-57.,1.51));
#3312=CARTESIAN_POINT('',(135.,-57.,0.));
#3313=CARTESIAN_POINT('Origin',(218.00000095714,-104.8431461469,1.51));
#3314=CARTESIAN_POINT('',(222.,-104.843146,0.));
#3315=CARTESIAN_POINT('Origin',(218.00000095714,-104.8431461469,0.));
#3316=CARTESIAN_POINT('',(222.,-104.843146,1.51));
#3317=CARTESIAN_POINT('Origin',(222.,-61.,1.51));
#3318=CARTESIAN_POINT('',(222.,-61.,0.));
#3319=CARTESIAN_POINT('',(222.,-78.,0.));
#3320=CARTESIAN_POINT('',(222.,-61.,1.51));
#3321=CARTESIAN_POINT('Origin',(217.99999957409,-61.00000042591,1.51));
#3322=CARTESIAN_POINT('Origin',(217.99999957409,-61.00000042591,0.));
#3323=CARTESIAN_POINT('Origin',(130.,-135.,0.));
#3324=CARTESIAN_POINT('',(130.,-135.,0.));
#3325=CARTESIAN_POINT('',(130.,-135.,0.));
#3326=CARTESIAN_POINT('',(100.,-105.,0.));
#3327=CARTESIAN_POINT('',(130.,-135.,0.));
#3328=CARTESIAN_POINT('',(100.,-105.,0.));
#3329=CARTESIAN_POINT('Origin',(200.,-135.,0.));
#3330=CARTESIAN_POINT('',(200.,-135.,0.));
#3331=CARTESIAN_POINT('',(200.,-135.,0.));
#3332=CARTESIAN_POINT('',(200.,-135.,0.));
#3333=CARTESIAN_POINT('Origin',(225.,-107.844740975099,0.));
#3334=CARTESIAN_POINT('',(225.,-107.844740975099,0.));
#3335=CARTESIAN_POINT('',(225.,-107.844740975099,0.));
#3336=CARTESIAN_POINT('',(225.,-107.844740975099,0.));
#3337=CARTESIAN_POINT('Origin',(225.,-55.,0.));
#3338=CARTESIAN_POINT('',(225.,-55.,0.));
#3339=CARTESIAN_POINT('Origin',(100.,-105.,0.));
#3340=CARTESIAN_POINT('',(100.,-105.,0.));
#3341=CARTESIAN_POINT('Origin',(162.5,-95.,0.));
#3342=CARTESIAN_POINT('',(0.,0.,0.));
#3343=CARTESIAN_POINT('Origin',(130.414213562373,-34.,0.));
#3344=CARTESIAN_POINT('',(129.707106781187,-34.7071067811866,0.));
#3345=CARTESIAN_POINT('',(130.414213562373,-35.,0.));
#3346=CARTESIAN_POINT('Origin',(130.414213562373,-34.,0.));
#3347=CARTESIAN_POINT('',(130.414213562373,-35.,1.));
#3348=CARTESIAN_POINT('',(130.414213562373,-35.,0.));
#3349=CARTESIAN_POINT('',(129.707106781187,-34.7071067811865,1.));
#3350=CARTESIAN_POINT('Origin',(130.414213562373,-34.,1.));
#3351=CARTESIAN_POINT('',(129.707106781187,-34.7071067811866,0.));
#3352=CARTESIAN_POINT('Origin',(146.25,-34.,1.));
#3353=CARTESIAN_POINT('',(130.414213562373,-34.,2.));
#3354=CARTESIAN_POINT('Origin',(130.414213562373,-34.,1.));
#3355=CARTESIAN_POINT('',(199.563083758954,-35.,1.));
#3356=CARTESIAN_POINT('',(146.25,-35.,1.));
#3357=CARTESIAN_POINT('',(199.563083758954,-34.,2.));
#3358=CARTESIAN_POINT('Origin',(199.563083758954,-34.,1.));
#3359=CARTESIAN_POINT('',(146.25,-34.,2.));
#3360=CARTESIAN_POINT('Origin',(130.414213562373,-34.,1.));
#3361=CARTESIAN_POINT('Origin',(130.414213562373,-34.,1.));
#3362=CARTESIAN_POINT('Origin',(199.563083758954,-34.,0.));
#3363=CARTESIAN_POINT('',(199.563083758954,-35.,0.));
#3364=CARTESIAN_POINT('',(200.296844412785,-34.6794080533015,0.));
#3365=CARTESIAN_POINT('Origin',(199.563083758954,-34.,0.));
#3366=CARTESIAN_POINT('',(200.296844412785,-34.6794080533015,1.));
#3367=CARTESIAN_POINT('',(200.296844412785,-34.6794080533015,0.));
#3368=CARTESIAN_POINT('Origin',(199.563083758954,-34.,1.));
#3369=CARTESIAN_POINT('',(199.563083758954,-35.,0.));
#3370=CARTESIAN_POINT('Origin',(199.563083758954,-34.,1.));
#3371=CARTESIAN_POINT('Origin',(199.563083758954,-34.,1.));
#3372=CARTESIAN_POINT('Origin',(100.,-5.,0.));
#3373=CARTESIAN_POINT('',(100.,-5.,1.));
#3374=CARTESIAN_POINT('',(113.125,-18.125,1.));
#3375=CARTESIAN_POINT('',(100.,-5.,0.));
#3376=CARTESIAN_POINT('',(100.,-5.,0.));
#3377=CARTESIAN_POINT('',(130.,-35.,0.));
#3378=CARTESIAN_POINT('Origin',(113.832106781187,-17.4178932188135,1.));
#3379=CARTESIAN_POINT('',(101.,-4.5857864376269,2.));
#3380=CARTESIAN_POINT('',(113.832106781187,-17.4178932188135,2.));
#3381=CARTESIAN_POINT('Origin',(101.,-4.5857864376269,1.));
#3382=CARTESIAN_POINT('Origin',(162.5,5.,2.));
#3383=CARTESIAN_POINT('',(224.,-7.60813203274884,2.));
#3384=CARTESIAN_POINT('',(200.581785365123,-32.8998023309145,2.));
#3385=CARTESIAN_POINT('',(224.,44.9999991804361,2.));
#3386=CARTESIAN_POINT('',(224.,-1.5000008046627,2.));
#3387=CARTESIAN_POINT('',(135.511446413711,44.9999991804361,2.));
#3388=CARTESIAN_POINT('',(135.511446413711,44.9999991804361,2.));
#3389=CARTESIAN_POINT('',(135.511446413711,41.0679040420848,2.));
#3390=CARTESIAN_POINT('',(135.511446413711,41.0679040420848,2.));
#3391=CARTESIAN_POINT('',(132.000001966953,37.4999990686774,2.));
#3392=CARTESIAN_POINT('Origin',(131.398982383844,41.6033989595341,2.));
#3393=CARTESIAN_POINT('',(120.721335579636,37.4887707554137,2.));
#3394=CARTESIAN_POINT('',(132.000001966953,37.4999990686774,2.));
#3395=CARTESIAN_POINT('',(117.125754112492,40.9999991208315,2.));
#3396=CARTESIAN_POINT('Origin',(121.224437814549,41.600554134307,2.));
#3397=CARTESIAN_POINT('',(117.125754112492,45.,2.));
#3398=CARTESIAN_POINT('',(117.125754112492,45.,2.));
#3399=CARTESIAN_POINT('',(101.,45.,2.));
#3400=CARTESIAN_POINT('',(100.,45.,2.));
#3401=CARTESIAN_POINT('',(101.,25.,2.));
#3402=CARTESIAN_POINT('',(175.458124476114,14.9999987334013,2.));
#3403=CARTESIAN_POINT('',(175.458124476114,0.746672442269372,2.));
#3404=CARTESIAN_POINT('',(175.458124476114,9.99999936670065,2.));
#3405=CARTESIAN_POINT('',(161.255753891428,0.746672442269372,2.));
#3406=CARTESIAN_POINT('',(168.979062238057,0.746672442269372,2.));
#3407=CARTESIAN_POINT('',(161.255753891428,14.9999987334013,2.));
#3408=CARTESIAN_POINT('',(161.255753891428,2.87333622113469,2.));
#3409=CARTESIAN_POINT('',(161.877876945714,14.9999987334013,2.));
#3410=CARTESIAN_POINT('',(136.000002026558,36.9999990612268,2.));
#3411=CARTESIAN_POINT('',(136.000002026558,14.9999987334013,2.));
#3412=CARTESIAN_POINT('',(136.000002026558,20.9999995306134,2.));
#3413=CARTESIAN_POINT('',(118.000001758337,14.9999987334013,2.));
#3414=CARTESIAN_POINT('',(149.250001013279,14.9999987334013,2.));
#3415=CARTESIAN_POINT('',(118.000001758337,36.9999990612268,2.));
#3416=CARTESIAN_POINT('',(118.000001758337,9.99999936670065,2.));
#3417=CARTESIAN_POINT('',(140.250000879169,36.9999990612268,2.));
#3418=CARTESIAN_POINT('',(217.000003233552,36.9999990612268,2.));
#3419=CARTESIAN_POINT('',(217.000003233552,23.9999988675117,2.));
#3420=CARTESIAN_POINT('',(217.000003233552,20.9999995306134,2.));
#3421=CARTESIAN_POINT('',(201.000002995133,23.9999988675117,2.));
#3422=CARTESIAN_POINT('',(189.750001616776,23.9999988675117,2.));
#3423=CARTESIAN_POINT('',(201.000002995133,36.9999990612268,2.));
#3424=CARTESIAN_POINT('',(201.000002995133,14.4999994337559,2.));
#3425=CARTESIAN_POINT('',(181.750001497567,36.9999990612268,2.));
#3426=CARTESIAN_POINT('',(156.438528042952,34.9999990314245,2.));
#3427=CARTESIAN_POINT('',(156.438528042952,20.3096925310931,2.));
#3428=CARTESIAN_POINT('',(156.438528042952,19.9999995157123,2.));
#3429=CARTESIAN_POINT('',(142.000002115965,20.3096925310931,2.));
#3430=CARTESIAN_POINT('',(159.469264021476,20.3096925310931,2.));
#3431=CARTESIAN_POINT('',(142.000002115965,34.9999990314245,2.));
#3432=CARTESIAN_POINT('',(142.000002115965,12.6548462655466,2.));
#3433=CARTESIAN_POINT('',(152.250001057982,34.9999990314245,2.));
#3434=CARTESIAN_POINT('',(175.711023902708,-4.11094437569529,2.));
#3435=CARTESIAN_POINT('',(175.711023902708,-19.0000017732382,2.));
#3436=CARTESIAN_POINT('',(175.711023902708,0.444527812152344,2.));
#3437=CARTESIAN_POINT('',(160.977013777419,-19.0000017732382,2.));
#3438=CARTESIAN_POINT('',(169.105511951354,-19.0000017732382,2.));
#3439=CARTESIAN_POINT('',(160.977013777419,-4.11094437569529,2.));
#3440=CARTESIAN_POINT('',(160.977013777419,-7.00000088661909,2.));
#3441=CARTESIAN_POINT('',(161.738506888709,-4.11094437569531,2.));
#3442=CARTESIAN_POINT('',(195.457635410826,-4.11094437569529,2.));
#3443=CARTESIAN_POINT('',(195.457635410826,-19.0000017732382,2.));
#3444=CARTESIAN_POINT('',(195.457635410826,0.444527812152344,2.));
#3445=CARTESIAN_POINT('',(180.647676779737,-19.0000017732382,2.));
#3446=CARTESIAN_POINT('',(178.978817705413,-19.0000017732382,2.));
#3447=CARTESIAN_POINT('',(180.647676779737,-4.11094437569529,2.));
#3448=CARTESIAN_POINT('',(180.647676779737,-7.00000088661909,2.));
#3449=CARTESIAN_POINT('',(171.573838389869,-4.11094437569531,2.));
#3450=CARTESIAN_POINT('',(157.000002339482,-4.11094437569529,2.));
#3451=CARTESIAN_POINT('',(157.000002339482,-19.0000017732382,2.));
#3452=CARTESIAN_POINT('',(157.000002339482,0.444527812152344,2.));
#3453=CARTESIAN_POINT('',(141.610144798302,-19.0000017732382,2.));
#3454=CARTESIAN_POINT('',(159.750001169741,-19.0000017732382,2.));
#3455=CARTESIAN_POINT('',(141.610144798302,-4.11094437569529,2.));
#3456=CARTESIAN_POINT('',(141.610144798302,-7.00000088661909,2.));
#3457=CARTESIAN_POINT('',(152.055072399151,-4.11094437569531,2.));
#3458=CARTESIAN_POINT('',(195.000002905726,34.6168177436016,2.));
#3459=CARTESIAN_POINT('',(195.000002905726,19.9999988079071,2.));
#3460=CARTESIAN_POINT('',(195.000002905726,19.8084088718008,2.));
#3461=CARTESIAN_POINT('',(180.847409957332,19.9999988079071,2.));
#3462=CARTESIAN_POINT('',(178.750001452863,19.9999988079071,2.));
#3463=CARTESIAN_POINT('',(180.847409957332,34.6168177436016,2.));
#3464=CARTESIAN_POINT('',(180.847409957332,12.4999994039536,2.));
#3465=CARTESIAN_POINT('',(171.673704978666,34.6168177436016,2.));
#3466=CARTESIAN_POINT('',(176.065712522517,34.8475515466746,2.));
#3467=CARTESIAN_POINT('',(176.065712522517,20.3096925310931,2.));
#3468=CARTESIAN_POINT('',(176.065712522517,19.9237757733373,2.));
#3469=CARTESIAN_POINT('',(161.48359940883,20.3096925310931,2.));
#3470=CARTESIAN_POINT('',(169.282856261259,20.3096925310931,2.));
#3471=CARTESIAN_POINT('',(161.48359940883,34.8475515466746,2.));
#3472=CARTESIAN_POINT('',(161.48359940883,12.6548462655466,2.));
#3473=CARTESIAN_POINT('',(161.991799704415,34.8475515466746,2.));
#3474=CARTESIAN_POINT('',(156.438528042952,14.9999987334013,2.));
#3475=CARTESIAN_POINT('',(156.438528042952,0.746672442269372,2.));
#3476=CARTESIAN_POINT('',(156.438528042952,9.99999936670065,2.));
#3477=CARTESIAN_POINT('',(142.000002115965,0.746672442269372,2.));
#3478=CARTESIAN_POINT('',(159.469264021476,0.746672442269372,2.));
#3479=CARTESIAN_POINT('',(142.000002115965,14.9999987334013,2.));
#3480=CARTESIAN_POINT('',(142.000002115965,2.87333622113469,2.));
#3481=CARTESIAN_POINT('',(152.250001057982,14.9999987334013,2.));
#3482=CARTESIAN_POINT('',(195.657368588421,15.3258972702855,2.));
#3483=CARTESIAN_POINT('',(195.657368588421,0.746672442269372,2.));
#3484=CARTESIAN_POINT('',(195.657368588421,10.1629486351428,2.));
#3485=CARTESIAN_POINT('',(180.695512945731,0.746672442269372,2.));
#3486=CARTESIAN_POINT('',(179.07868429421,0.746672442269372,2.));
#3487=CARTESIAN_POINT('',(180.695512945731,15.3258972702855,2.));
#3488=CARTESIAN_POINT('',(180.695512945731,2.87333622113469,2.));
#3489=CARTESIAN_POINT('',(171.597756472865,15.3258972702855,2.));
#3490=CARTESIAN_POINT('Origin',(200.581785365123,-32.8998023309145,1.));
#3491=CARTESIAN_POINT('',(225.,-8.00000160932541,1.));
#3492=CARTESIAN_POINT('',(201.315546018953,-33.579210384216,1.));
#3493=CARTESIAN_POINT('Origin',(224.,-7.60813203274884,1.));
#3494=CARTESIAN_POINT('Origin',(200.,-35.,0.));
#3495=CARTESIAN_POINT('',(225.,-8.00000160932541,0.));
#3496=CARTESIAN_POINT('',(225.,-8.00000160932541,0.));
#3497=CARTESIAN_POINT('',(225.,-8.00000160932541,0.));
#3498=CARTESIAN_POINT('Origin',(224.,-1.5000008046627,1.));
#3499=CARTESIAN_POINT('',(225.,44.9999991804361,1.));
#3500=CARTESIAN_POINT('',(225.,-1.5000008046627,1.));
#3501=CARTESIAN_POINT('Origin',(224.,44.9999991804361,1.));
#3502=CARTESIAN_POINT('Origin',(130.,-35.,0.));
#3503=CARTESIAN_POINT('',(200.,-35.,0.));
#3504=CARTESIAN_POINT('Origin',(101.,25.,1.));
#3505=CARTESIAN_POINT('',(100.,45.,1.));
#3506=CARTESIAN_POINT('Origin',(101.,45.,1.));
#3507=CARTESIAN_POINT('',(100.,25.,1.));
#3508=CARTESIAN_POINT('Origin',(175.458124476114,14.9999987334013,2.));
#3509=CARTESIAN_POINT('',(175.458124476114,14.9999987334013,0.));
#3510=CARTESIAN_POINT('',(175.458124476114,14.9999987334013,2.));
#3511=CARTESIAN_POINT('',(175.458124476114,0.746672442269372,0.));
#3512=CARTESIAN_POINT('',(175.458124476114,9.99999936670065,0.));
#3513=CARTESIAN_POINT('',(175.458124476114,0.746672442269372,2.));
#3514=CARTESIAN_POINT('Origin',(161.255753891428,14.9999987334013,2.));
#3515=CARTESIAN_POINT('',(161.255753891428,14.9999987334013,0.));
#3516=CARTESIAN_POINT('',(161.255753891428,14.9999987334013,2.));
#3517=CARTESIAN_POINT('',(161.877876945714,14.9999987334013,0.));
#3518=CARTESIAN_POINT('Origin',(161.255753891428,0.746672442269372,2.));
#3519=CARTESIAN_POINT('',(161.255753891428,0.746672442269372,0.));
#3520=CARTESIAN_POINT('',(161.255753891428,0.746672442269372,2.));
#3521=CARTESIAN_POINT('',(161.255753891428,2.87333622113469,0.));
#3522=CARTESIAN_POINT('Origin',(175.458124476114,0.746672442269372,2.));
#3523=CARTESIAN_POINT('',(168.979062238057,0.746672442269372,0.));
#3524=CARTESIAN_POINT('Origin',(136.000002026558,36.9999990612268,2.));
#3525=CARTESIAN_POINT('',(136.000002026558,36.9999990612268,0.));
#3526=CARTESIAN_POINT('',(136.000002026558,36.9999990612268,2.));
#3527=CARTESIAN_POINT('',(136.000002026558,14.9999987334013,0.));
#3528=CARTESIAN_POINT('',(136.000002026558,20.9999995306134,0.));
#3529=CARTESIAN_POINT('',(136.000002026558,14.9999987334013,2.));
#3530=CARTESIAN_POINT('Origin',(118.000001758337,36.9999990612268,2.));
#3531=CARTESIAN_POINT('',(118.000001758337,36.9999990612268,0.));
#3532=CARTESIAN_POINT('',(118.000001758337,36.9999990612268,2.));
#3533=CARTESIAN_POINT('',(140.250000879169,36.9999990612268,0.));
#3534=CARTESIAN_POINT('Origin',(118.000001758337,14.9999987334013,2.));
#3535=CARTESIAN_POINT('',(118.000001758337,14.9999987334013,0.));
#3536=CARTESIAN_POINT('',(118.000001758337,14.9999987334013,2.));
#3537=CARTESIAN_POINT('',(118.000001758337,9.99999936670065,0.));
#3538=CARTESIAN_POINT('Origin',(136.000002026558,14.9999987334013,2.));
#3539=CARTESIAN_POINT('',(149.250001013279,14.9999987334013,0.));
#3540=CARTESIAN_POINT('Origin',(217.000003233552,36.9999990612268,2.));
#3541=CARTESIAN_POINT('',(217.000003233552,36.9999990612268,0.));
#3542=CARTESIAN_POINT('',(217.000003233552,36.9999990612268,2.));
#3543=CARTESIAN_POINT('',(217.000003233552,23.9999988675117,0.));
#3544=CARTESIAN_POINT('',(217.000003233552,20.9999995306134,0.));
#3545=CARTESIAN_POINT('',(217.000003233552,23.9999988675117,2.));
#3546=CARTESIAN_POINT('Origin',(201.000002995133,36.9999990612268,2.));
#3547=CARTESIAN_POINT('',(201.000002995133,36.9999990612268,0.));
#3548=CARTESIAN_POINT('',(201.000002995133,36.9999990612268,2.));
#3549=CARTESIAN_POINT('',(181.750001497567,36.9999990612268,0.));
#3550=CARTESIAN_POINT('Origin',(201.000002995133,23.9999988675117,2.));
#3551=CARTESIAN_POINT('',(201.000002995133,23.9999988675117,0.));
#3552=CARTESIAN_POINT('',(201.000002995133,23.9999988675117,2.));
#3553=CARTESIAN_POINT('',(201.000002995133,14.4999994337559,0.));
#3554=CARTESIAN_POINT('Origin',(217.000003233552,23.9999988675117,2.));
#3555=CARTESIAN_POINT('',(189.750001616776,23.9999988675117,0.));
#3556=CARTESIAN_POINT('Origin',(156.438528042952,34.9999990314245,2.));
#3557=CARTESIAN_POINT('',(156.438528042952,34.9999990314245,0.));
#3558=CARTESIAN_POINT('',(156.438528042952,34.9999990314245,2.));
#3559=CARTESIAN_POINT('',(156.438528042952,20.3096925310931,0.));
#3560=CARTESIAN_POINT('',(156.438528042952,19.9999995157123,0.));
#3561=CARTESIAN_POINT('',(156.438528042952,20.3096925310931,2.));
#3562=CARTESIAN_POINT('Origin',(142.000002115965,34.9999990314245,2.));
#3563=CARTESIAN_POINT('',(142.000002115965,34.9999990314245,0.));
#3564=CARTESIAN_POINT('',(142.000002115965,34.9999990314245,2.));
#3565=CARTESIAN_POINT('',(152.250001057982,34.9999990314245,0.));
#3566=CARTESIAN_POINT('Origin',(142.000002115965,20.3096925310931,2.));
#3567=CARTESIAN_POINT('',(142.000002115965,20.3096925310931,0.));
#3568=CARTESIAN_POINT('',(142.000002115965,20.3096925310931,2.));
#3569=CARTESIAN_POINT('',(142.000002115965,12.6548462655466,0.));
#3570=CARTESIAN_POINT('Origin',(156.438528042952,20.3096925310931,2.));
#3571=CARTESIAN_POINT('',(159.469264021476,20.3096925310931,0.));
#3572=CARTESIAN_POINT('Origin',(175.711023902708,-4.11094437569529,2.));
#3573=CARTESIAN_POINT('',(175.711023902708,-4.11094437569529,0.));
#3574=CARTESIAN_POINT('',(175.711023902708,-4.11094437569529,2.));
#3575=CARTESIAN_POINT('',(175.711023902708,-19.0000017732382,0.));
#3576=CARTESIAN_POINT('',(175.711023902708,0.444527812152344,0.));
#3577=CARTESIAN_POINT('',(175.711023902708,-19.0000017732382,2.));
#3578=CARTESIAN_POINT('Origin',(160.977013777419,-4.11094437569529,2.));
#3579=CARTESIAN_POINT('',(160.977013777419,-4.11094437569529,0.));
#3580=CARTESIAN_POINT('',(160.977013777419,-4.11094437569529,2.));
#3581=CARTESIAN_POINT('',(161.738506888709,-4.11094437569531,0.));
#3582=CARTESIAN_POINT('Origin',(160.977013777419,-19.0000017732382,2.));
#3583=CARTESIAN_POINT('',(160.977013777419,-19.0000017732382,0.));
#3584=CARTESIAN_POINT('',(160.977013777419,-19.0000017732382,2.));
#3585=CARTESIAN_POINT('',(160.977013777419,-7.00000088661909,0.));
#3586=CARTESIAN_POINT('Origin',(175.711023902708,-19.0000017732382,2.));
#3587=CARTESIAN_POINT('',(169.105511951354,-19.0000017732382,0.));
#3588=CARTESIAN_POINT('Origin',(195.457635410826,-4.11094437569529,2.));
#3589=CARTESIAN_POINT('',(195.457635410826,-4.11094437569529,0.));
#3590=CARTESIAN_POINT('',(195.457635410826,-4.11094437569529,2.));
#3591=CARTESIAN_POINT('',(195.457635410826,-19.0000017732382,0.));
#3592=CARTESIAN_POINT('',(195.457635410826,0.444527812152344,0.));
#3593=CARTESIAN_POINT('',(195.457635410826,-19.0000017732382,2.));
#3594=CARTESIAN_POINT('Origin',(180.647676779737,-4.11094437569529,2.));
#3595=CARTESIAN_POINT('',(180.647676779737,-4.11094437569529,0.));
#3596=CARTESIAN_POINT('',(180.647676779737,-4.11094437569529,2.));
#3597=CARTESIAN_POINT('',(171.573838389869,-4.11094437569531,0.));
#3598=CARTESIAN_POINT('Origin',(180.647676779737,-19.0000017732382,2.));
#3599=CARTESIAN_POINT('',(180.647676779737,-19.0000017732382,0.));
#3600=CARTESIAN_POINT('',(180.647676779737,-19.0000017732382,2.));
#3601=CARTESIAN_POINT('',(180.647676779737,-7.00000088661909,0.));
#3602=CARTESIAN_POINT('Origin',(195.457635410826,-19.0000017732382,2.));
#3603=CARTESIAN_POINT('',(178.978817705413,-19.0000017732382,0.));
#3604=CARTESIAN_POINT('Origin',(157.000002339482,-4.11094437569529,2.));
#3605=CARTESIAN_POINT('',(157.000002339482,-4.11094437569529,0.));
#3606=CARTESIAN_POINT('',(157.000002339482,-4.11094437569529,2.));
#3607=CARTESIAN_POINT('',(157.000002339482,-19.0000017732382,0.));
#3608=CARTESIAN_POINT('',(157.000002339482,0.444527812152344,0.));
#3609=CARTESIAN_POINT('',(157.000002339482,-19.0000017732382,2.));
#3610=CARTESIAN_POINT('Origin',(141.610144798302,-4.11094437569529,2.));
#3611=CARTESIAN_POINT('',(141.610144798302,-4.11094437569529,0.));
#3612=CARTESIAN_POINT('',(141.610144798302,-4.11094437569529,2.));
#3613=CARTESIAN_POINT('',(152.055072399151,-4.11094437569531,0.));
#3614=CARTESIAN_POINT('Origin',(141.610144798302,-19.0000017732382,2.));
#3615=CARTESIAN_POINT('',(141.610144798302,-19.0000017732382,0.));
#3616=CARTESIAN_POINT('',(141.610144798302,-19.0000017732382,2.));
#3617=CARTESIAN_POINT('',(141.610144798302,-7.00000088661909,0.));
#3618=CARTESIAN_POINT('Origin',(157.000002339482,-19.0000017732382,2.));
#3619=CARTESIAN_POINT('',(159.750001169741,-19.0000017732382,0.));
#3620=CARTESIAN_POINT('Origin',(195.000002905726,34.6168177436016,2.));
#3621=CARTESIAN_POINT('',(195.000002905726,34.6168177436016,0.));
#3622=CARTESIAN_POINT('',(195.000002905726,34.6168177436016,2.));
#3623=CARTESIAN_POINT('',(195.000002905726,19.9999988079071,0.));
#3624=CARTESIAN_POINT('',(195.000002905726,19.8084088718008,0.));
#3625=CARTESIAN_POINT('',(195.000002905726,19.9999988079071,2.));
#3626=CARTESIAN_POINT('Origin',(180.847409957332,34.6168177436016,2.));
#3627=CARTESIAN_POINT('',(180.847409957332,34.6168177436016,0.));
#3628=CARTESIAN_POINT('',(180.847409957332,34.6168177436016,2.));
#3629=CARTESIAN_POINT('',(171.673704978666,34.6168177436016,0.));
#3630=CARTESIAN_POINT('Origin',(180.847409957332,19.9999988079071,2.));
#3631=CARTESIAN_POINT('',(180.847409957332,19.9999988079071,0.));
#3632=CARTESIAN_POINT('',(180.847409957332,19.9999988079071,2.));
#3633=CARTESIAN_POINT('',(180.847409957332,12.4999994039536,0.));
#3634=CARTESIAN_POINT('Origin',(195.000002905726,19.9999988079071,2.));
#3635=CARTESIAN_POINT('',(178.750001452863,19.9999988079071,0.));
#3636=CARTESIAN_POINT('Origin',(176.065712522517,34.8475515466746,2.));
#3637=CARTESIAN_POINT('',(176.065712522517,34.8475515466746,0.));
#3638=CARTESIAN_POINT('',(176.065712522517,34.8475515466746,2.));
#3639=CARTESIAN_POINT('',(176.065712522517,20.3096925310931,0.));
#3640=CARTESIAN_POINT('',(176.065712522517,19.9237757733373,0.));
#3641=CARTESIAN_POINT('',(176.065712522517,20.3096925310931,2.));
#3642=CARTESIAN_POINT('Origin',(161.48359940883,34.8475515466746,2.));
#3643=CARTESIAN_POINT('',(161.48359940883,34.8475515466746,0.));
#3644=CARTESIAN_POINT('',(161.48359940883,34.8475515466746,2.));
#3645=CARTESIAN_POINT('',(161.991799704415,34.8475515466746,0.));
#3646=CARTESIAN_POINT('Origin',(161.48359940883,20.3096925310931,2.));
#3647=CARTESIAN_POINT('',(161.48359940883,20.3096925310931,0.));
#3648=CARTESIAN_POINT('',(161.48359940883,20.3096925310931,2.));
#3649=CARTESIAN_POINT('',(161.48359940883,12.6548462655466,0.));
#3650=CARTESIAN_POINT('Origin',(176.065712522517,20.3096925310931,2.));
#3651=CARTESIAN_POINT('',(169.282856261259,20.3096925310931,0.));
#3652=CARTESIAN_POINT('Origin',(156.438528042952,14.9999987334013,2.));
#3653=CARTESIAN_POINT('',(156.438528042952,14.9999987334013,0.));
#3654=CARTESIAN_POINT('',(156.438528042952,14.9999987334013,2.));
#3655=CARTESIAN_POINT('',(156.438528042952,0.746672442269372,0.));
#3656=CARTESIAN_POINT('',(156.438528042952,9.99999936670065,0.));
#3657=CARTESIAN_POINT('',(156.438528042952,0.746672442269372,2.));
#3658=CARTESIAN_POINT('Origin',(142.000002115965,14.9999987334013,2.));
#3659=CARTESIAN_POINT('',(142.000002115965,14.9999987334013,0.));
#3660=CARTESIAN_POINT('',(142.000002115965,14.9999987334013,2.));
#3661=CARTESIAN_POINT('',(152.250001057982,14.9999987334013,0.));
#3662=CARTESIAN_POINT('Origin',(142.000002115965,0.746672442269372,2.));
#3663=CARTESIAN_POINT('',(142.000002115965,0.746672442269372,0.));
#3664=CARTESIAN_POINT('',(142.000002115965,0.746672442269372,2.));
#3665=CARTESIAN_POINT('',(142.000002115965,2.87333622113469,0.));
#3666=CARTESIAN_POINT('Origin',(156.438528042952,0.746672442269372,2.));
#3667=CARTESIAN_POINT('',(159.469264021476,0.746672442269372,0.));
#3668=CARTESIAN_POINT('Origin',(195.657368588421,15.3258972702855,2.));
#3669=CARTESIAN_POINT('',(195.657368588421,15.3258972702855,0.));
#3670=CARTESIAN_POINT('',(195.657368588421,15.3258972702855,2.));
#3671=CARTESIAN_POINT('',(195.657368588421,0.746672442269372,0.));
#3672=CARTESIAN_POINT('',(195.657368588421,10.1629486351428,0.));
#3673=CARTESIAN_POINT('',(195.657368588421,0.746672442269372,2.));
#3674=CARTESIAN_POINT('Origin',(180.695512945731,15.3258972702855,2.));
#3675=CARTESIAN_POINT('',(180.695512945731,15.3258972702855,0.));
#3676=CARTESIAN_POINT('',(180.695512945731,15.3258972702855,2.));
#3677=CARTESIAN_POINT('',(171.597756472865,15.3258972702855,0.));
#3678=CARTESIAN_POINT('Origin',(180.695512945731,0.746672442269372,2.));
#3679=CARTESIAN_POINT('',(180.695512945731,0.746672442269372,0.));
#3680=CARTESIAN_POINT('',(180.695512945731,0.746672442269372,2.));
#3681=CARTESIAN_POINT('',(180.695512945731,2.87333622113469,0.));
#3682=CARTESIAN_POINT('Origin',(195.657368588421,0.746672442269372,2.));
#3683=CARTESIAN_POINT('',(179.07868429421,0.746672442269372,0.));
#3684=CARTESIAN_POINT('Origin',(135.511446413711,44.9999991804361,0.));
#3685=CARTESIAN_POINT('',(135.511446413711,41.0679040420848,0.));
#3686=CARTESIAN_POINT('',(135.511446413711,44.9999991804361,0.));
#3687=CARTESIAN_POINT('',(135.511446413711,41.0679040420848,0.));
#3688=CARTESIAN_POINT('',(135.511446413711,41.0679040420848,0.));
#3689=CARTESIAN_POINT('',(135.511446413711,44.9999991804361,0.));
#3690=CARTESIAN_POINT('Origin',(225.,44.9999991804361,0.));
#3691=CARTESIAN_POINT('',(225.,44.9999991804361,0.));
#3692=CARTESIAN_POINT('',(225.,44.9999991804361,0.));
#3693=CARTESIAN_POINT('',(135.511446413711,44.9999991804361,0.));
#3694=CARTESIAN_POINT('Origin',(225.,-8.00000160932541,0.));
#3695=CARTESIAN_POINT('',(225.,44.9999991804361,0.));
#3696=CARTESIAN_POINT('Origin',(100.,45.,0.));
#3697=CARTESIAN_POINT('',(100.,45.,0.));
#3698=CARTESIAN_POINT('',(100.,45.,0.));
#3699=CARTESIAN_POINT('',(100.,-5.,0.));
#3700=CARTESIAN_POINT('Origin',(117.125754112492,45.,0.));
#3701=CARTESIAN_POINT('',(117.125754112492,45.,0.));
#3702=CARTESIAN_POINT('',(117.125754112492,45.,0.));
#3703=CARTESIAN_POINT('',(100.,45.,0.));
#3704=CARTESIAN_POINT('Origin',(117.125754112492,40.9999991208315,0.));
#3705=CARTESIAN_POINT('',(117.125754112492,40.9999991208315,0.));
#3706=CARTESIAN_POINT('',(117.125754112492,45.,0.));
#3707=CARTESIAN_POINT('',(117.125754112492,40.9999991208315,0.));
#3708=CARTESIAN_POINT('Origin',(121.224437814549,41.600554134307,0.));
#3709=CARTESIAN_POINT('',(120.721335579636,37.4887707554137,0.));
#3710=CARTESIAN_POINT('Origin',(121.224437814549,41.600554134307,0.));
#3711=CARTESIAN_POINT('',(120.721335579636,37.4887707554137,0.));
#3712=CARTESIAN_POINT('Origin',(132.000001966953,37.4999990686774,0.));
#3713=CARTESIAN_POINT('',(132.000001966953,37.4999990686774,0.));
#3714=CARTESIAN_POINT('',(132.000001966953,37.4999990686774,0.));
#3715=CARTESIAN_POINT('',(132.000001966953,37.4999990686774,0.));
#3716=CARTESIAN_POINT('Origin',(131.398982383844,41.6033989595341,0.));
#3717=CARTESIAN_POINT('Origin',(131.398982383844,41.6033989595341,0.));
#3718=CARTESIAN_POINT('Origin',(162.5,5.,0.));
#3719=CARTESIAN_POINT('',(0.,0.,0.));
#3720=CARTESIAN_POINT('',(0.,0.,0.));
#3721=UNCERTAINTY_MEASURE_WITH_UNIT(LENGTH_MEASURE(0.01),#3729,
'DISTANCE_ACCURACY_VALUE',
'Maximum model space distance between geometric entities at asserted c
onnectivities');
#3722=UNCERTAINTY_MEASURE_WITH_UNIT(LENGTH_MEASURE(0.01),#3729,
'DISTANCE_ACCURACY_VALUE',
'Maximum model space distance between geometric entities at asserted c
onnectivities');
#3723=UNCERTAINTY_MEASURE_WITH_UNIT(LENGTH_MEASURE(0.01),#3729,
'DISTANCE_ACCURACY_VALUE',
'Maximum model space distance between geometric entities at asserted c
onnectivities');
#3724=UNCERTAINTY_MEASURE_WITH_UNIT(LENGTH_MEASURE(0.01),#3729,
'DISTANCE_ACCURACY_VALUE',
'Maximum model space distance between geometric entities at asserted c
onnectivities');
#3725=(
GEOMETRIC_REPRESENTATION_CONTEXT(3)
GLOBAL_UNCERTAINTY_ASSIGNED_CONTEXT((#3721))
GLOBAL_UNIT_ASSIGNED_CONTEXT((#3729,#3731,#3732))
REPRESENTATION_CONTEXT('','3D')
);
#3726=(
GEOMETRIC_REPRESENTATION_CONTEXT(3)
GLOBAL_UNCERTAINTY_ASSIGNED_CONTEXT((#3722))
GLOBAL_UNIT_ASSIGNED_CONTEXT((#3729,#3731,#3732))
REPRESENTATION_CONTEXT('','3D')
);
#3727=(
GEOMETRIC_REPRESENTATION_CONTEXT(3)
GLOBAL_UNCERTAINTY_ASSIGNED_CONTEXT((#3723))
GLOBAL_UNIT_ASSIGNED_CONTEXT((#3729,#3731,#3732))
REPRESENTATION_CONTEXT('','3D')
);
#3728=(
GEOMETRIC_REPRESENTATION_CONTEXT(3)
GLOBAL_UNCERTAINTY_ASSIGNED_CONTEXT((#3724))
GLOBAL_UNIT_ASSIGNED_CONTEXT((#3729,#3731,#3732))
REPRESENTATION_CONTEXT('','3D')
);
#3729=(
LENGTH_UNIT()
NAMED_UNIT(*)
SI_UNIT(.MILLI.,.METRE.)
);
#3730=(
LENGTH_UNIT()
NAMED_UNIT(*)
SI_UNIT($,.METRE.)
);
#3731=(
NAMED_UNIT(*)
PLANE_ANGLE_UNIT()
SI_UNIT($,.RADIAN.)
);
#3732=(
NAMED_UNIT(*)
SI_UNIT($,.STERADIAN.)
SOLID_ANGLE_UNIT()
);
#3733=SHAPE_DEFINITION_REPRESENTATION(#3736,#3741);
#3734=SHAPE_DEFINITION_REPRESENTATION(#3737,#3742);
#3735=SHAPE_DEFINITION_REPRESENTATION(#3738,#3743);
#3736=PRODUCT_DEFINITION_SHAPE('',$,#3745);
#3737=PRODUCT_DEFINITION_SHAPE('',$,#3746);
#3738=PRODUCT_DEFINITION_SHAPE('',$,#3747);
#3739=PRODUCT_DEFINITION_SHAPE($,$,#17);
#3740=PRODUCT_DEFINITION_SHAPE($,$,#18);
#3741=SHAPE_REPRESENTATION('',(#2292,#2455,#2456),#3725);
#3742=SHAPE_REPRESENTATION('',(#2293),#3726);
#3743=SHAPE_REPRESENTATION('',(#2371),#3727);
#3744=PRODUCT_DEFINITION_CONTEXT('part definition',#3755,'design');
#3745=PRODUCT_DEFINITION('2026-09-27-00-28-18-834','Untitled',#3748,#3744);
#3746=PRODUCT_DEFINITION('2026-09-27-00-29-39-805','Component1',#3749,#3744);
#3747=PRODUCT_DEFINITION('2026-09-27-00-34-33-022','Component2',#3750,#3744);
#3748=PRODUCT_DEFINITION_FORMATION('',$,#3757);
#3749=PRODUCT_DEFINITION_FORMATION('',$,#3758);
#3750=PRODUCT_DEFINITION_FORMATION('',$,#3759);
#3751=PRODUCT_RELATED_PRODUCT_CATEGORY('Untitled','Untitled',(#3757));
#3752=PRODUCT_RELATED_PRODUCT_CATEGORY('Component1','Component1',(#3758));
#3753=PRODUCT_RELATED_PRODUCT_CATEGORY('Component2','Component2',(#3759));
#3754=APPLICATION_PROTOCOL_DEFINITION('international standard',
'automotive_design',2009,#3755);
#3755=APPLICATION_CONTEXT(
'Core Data for Automotive Mechanical Design Process');
#3756=PRODUCT_CONTEXT('part definition',#3755,'mechanical');
#3757=PRODUCT('2026-09-27-00-28-18-834','Untitled',$,(#3756));
#3758=PRODUCT('2026-09-27-00-29-39-805','Component1',$,(#3756));
#3759=PRODUCT('2026-09-27-00-34-33-022','Component2',$,(#3756));
#3760=PRESENTATION_STYLE_ASSIGNMENT((#3761));
#3761=SURFACE_STYLE_USAGE(.BOTH.,#3762);
#3762=SURFACE_SIDE_STYLE('',(#3763));
#3763=SURFACE_STYLE_FILL_AREA(#3764);
#3764=FILL_AREA_STYLE('Steel - Satin',(#3765));
#3765=FILL_AREA_STYLE_COLOUR('Steel - Satin',#3766);
#3766=COLOUR_RGB('Steel - Satin',0.627450980392157,0.627450980392157,0.627450980392157);
ENDSEC;
END-ISO-10303-21;
